Gene,Chrom,Pos,UMI,ISIZE,ReadCount,ConsensusSequence
TP53,chr17,7675052,AGGCCC,63,1,CATCGCTATCTGAGCAGCGCTCATGGTGGGGGCAGCGCCTCACAACCTCCGTCATGTGCTGTG
TP53,chr17,7675052,AGGCCC,-63,1,CATCGCTATCTGAGCAGCGCTCATGGTGGGGGCAGCGCCTCACAACCTCCGTCATGTGCTGTG
TP53,chr17,7675053,AGGTTC,65,1,ATCGCTAACTGAGCAGCGCTCATGGTGGGGGCAGCGCCTCACAACCTCCGTCATGTGCTGTGACT
TP53,chr17,7675053,NATATT,61,1,ATCGCTATCAGAGCAGCGCTCATGGTGGGGGCAGCGCCTCACAACCTCCGTCATGTGCTG
TP53,chr17,7675053,AGGTTC,-65,1,ATCGCTAACTGAGCAGCGCTCATGGTGGGGGCAGCGCCTCACAACCTCCGTCATGTGCTGTGACT
TP53,chr17,7675053,NATATT,-61,1,ATCGCTATCAGAGCAGCGCTCATGGTGGGGGCAGCGCCTCACAACCTCCGTCATGTGCTGC
TP53,chr17,7675054,ACACGT,67,1,TCGCTATCTGAGCAGCGCTCATGGTGGGGGCAGCGCCTCACAACCTACGTCAGTGCTGTGACTGCT
TP53,chr17,7675054,GTCAAT,60,1,TCGCCATCTGAGCAGCGCTCCTGGTGGGGGCAGCGCTTCACAACCTCCGTCATGTGCTGT
TP53,chr17,7675054,GTCAAT,64,1,TCGCTATCTGAGCAGCGCTCATGGTGGGGGCAGCGCCTCACAACCTCCGTCATGTGCTGTGACT
TP53,chr17,7675054,GCCTCC,99,1,TCGCTATCTGAGCAGCGCTCATGGTGGGGGCAGCGCCTCACAACCTCCGTCATGTGCTGTGACTGCTTGTAGATGGCCATGGCGCGGACGCGGGTGCCG
TP53,chr17,7675054,GCCTCC,78,1,TCGCTATCTGAGCAGCGCTCATGGTGGGGGCAGCGCCTCACAACCTCCGTCATGTGCTGTGACTGCTTGTAGATGGCC
TP53,chr17,7675054,GCCTCC,62,2,TCGCTATCTGAGCATCGCTCATGGTGGGGGGAGCGCCTCACAACCTCCGTCATGTGCTGTGA
TP53,chr17,7675054,GCCTCC,56,1,TCGCTATCTGAGCAGCGCTCATGGTGGGGGCAGCGCCTCACAACCTCCGTCATGTG
TP53,chr17,7675054,GCCTCC,54,1,TCGCTATCTGAGCAGCGCTCATGGTGGGGGCAGCGCCTCACAACCTCCGGTCATG
TP53,chr17,7675054,GCCTCC,97,1,TCGCTATCTGAGCAGCGCTCATGGTGGGGGCAGCGCCTCACAACCTCCGTCATGTGCTGTGACTGCTTGTAGATGGCCATGGCGCGGACGCGTGTGC
TP53,chr17,7675054,ACACGT,-67,1,TCGCTATCTGAGCAGCGCTCATGGTGGGGGCAGCGCCTCACAACCTACGTCAGTGCTGTGACTGCT
TP53,chr17,7675054,GTCAAT,-60,1,TCGCCATCTGAGCAGCGCTCCTGGTGGGGGCAGCGCTTCACAACCTCCGTCATGTGCTGT
TP53,chr17,7675054,GTCAAT,-64,1,TCGCTATCTGAGCAGCGCTCATGGTGGGGGCAGCGCCTCACAACCTCCGTCATGTGCTGTGACT
TP53,chr17,7675054,GCCTCC,-99,1,TCGCTATCTGAGCAGCGCTCATGGTGGGGGCAGCGCCTCACAACCTCCGTCATGTGCTGTGACTGCTTGTAGATGGCCATGGCGCGGACGCGGGTGCCG
TP53,chr17,7675054,GCCTCC,-78,1,TCGCTATCTGAGCAGCGCTCATGGTGGGGGCAGCGCCTCACAACCTCCGTCATGTGCTGTGACTGCTTGTAGATGGCC
TP53,chr17,7675054,GCCTCC,-62,2,TCGCTATCTGAGCATCGCTCATGGTGGGGGGAGCGCCTCACAACCTCCGTCATGTGCTGTGA
TP53,chr17,7675054,GCCTCC,-56,1,TCGCTATCTGAGCAGCGCTCATGGTGGGGGCAGCGCCTCACAACCTCCGTCATGTG
TP53,chr17,7675054,GCCTCC,-54,1,TCGCTATCTGAGCAGCGCTCATGGTGGGGGCAGCGCCTCACAACCTCCGGTCATG
TP53,chr17,7675054,GCCTCC,-97,1,TCGCTATCTGAGCAGCGCTCATGGTGGGGGCAGCGCCTCACAACCTCCGTCATGTGCTGTGACTGCTTGTAGATGGCCATGGCGCGGACGCGTGTGC
TP53,chr17,7675055,NNGTAC,69,1,CGCTATCGTGAGCAGCGCTCATGGTGGGGGCAGCGCCTCACAACCTCCGTCATGTGCTGTGACTGCTTGT
TP53,chr17,7675055,CTATTG,59,1,CGCTATCTGAGCAGCTCTCATGGTGGGGGCAGCGCCTCACAACCTCCGTCATGTGCTGT
TP53,chr17,7675055,NNGTAC,-69,1,CGCTATCGTGAGCAGCGCTCATGGTGGGGGCAGCGCCTCACAACCTCCGTCATGTGCTGTGACTGCTTGTCC
TP53,chr17,7675055,CTATTG,-59,1,CGCTATCTGAGCAGCTCTCATGGTGGGGGCAGCGCCTCACAACCTCCGTCATGTGCTGTCCC
TP53,chr17,7675057,AGCGTA,100,1,CTATCTGAGCAGCGCTCATGGTGGGGGCAGCGCCTCACAACCTCCGTCATGTGCTGTGACTGCTTGTAGATGGCCATGGCGCGGACGCGGGTGCCGGGCG
TP53,chr17,7675057,AGCGTA,98,1,CTATCTGAGCAGCGCTCATGGTGGGGGTAGCGCCTCACAACCTCCGTCATGTGCTGTGACTGCTTGTAGATGGCCATGGCGCGGACGCGGGTGCCGGG
TP53,chr17,7675057,AGCGTA,-100,1,CTATCTGAGCAGCGCTCATGGTGGGGGCAGCGCCTCACAACCTCCGTCATGTGCTGTGACTGCTTGTAGATGGCCATGGCGCGGACGCGGGTGCCGGGCG
TP53,chr17,7675057,AGCGTA,-98,1,CTATCTGAGCAGCGCTCATGGTGGGGGTAGCGCCTCACAACCTCCGTCATGTGCTGTGACTGCTTGTAGATGGCCATGGCGCGGACGCGGGTGCCGGG
TP53,chr17,7675058,TAAAGT,56,1,TATCTGAGCAGCGCTCATGGTGGGGGCAGCGCCTCACAAACCTCCGTCATGTGCTGT
TP53,chr17,7675058,TAAAGT,-56,1,TATCTGAGCAGCGCTCATGGTGGGGGCAGCGCCTCACAAACCTCCGTCATGTGCTGT
TP53,chr17,7675059,ACACAA,98,1,ATCTGAGCAGCGCTCATGGTGGGGGCAGCGCCTCACAACCTCCGTCATGTGCTGTGACTGCTTGTAGATGGCCATGGCGCGGACGCGGGTGCCGGGCG
TP53,chr17,7675059,CCTACT,85,1,ATCTGAGCAGCGCTCATGGTGGGGGCAGCGCCTCACAACCTCCGTCATGTGCTGTGACTGCTTGTAGATGGCCATGGCGCGGACG
TP53,chr17,7675059,ACGCCA,65,1,ATCTGAGCAGCGCTCATGGTGGGGGCAGCGCCTCACAACCTCCGTCTTGCTGTGACTGCTTGT
TP53,chr17,7675059,ACGCCA,100,1,ATCTGAGCAGCGCTCATGGTGGGGGCAGCGCCTAACAACGTCGATGATGTGCTGTGACTGCTTGTAGATGGCCATGGCGCGGACGCGGGTGCCGGGCGGG
TP53,chr17,7675059,NCTCAC,89,1,ATCTGAGCAGCGCTCATGGTGGGGGCAGCGCCTCACAACCTCCGTCATGTGCTGTGACTGCTTGTAGATGGCCATGGCGCGGACGCGG
TP53,chr17,7675059,NCTCAC,61,1,ATCTGAGCAGCGCTCATGGTGGGGGCAGCGCCTCACAACCTCCGTCATGTGCTGTGACTG
TP53,chr17,7675059,NCTCAC,55,1,ATCTGAGCAGCGCTGATTGTGGGGGCAGCGCCTCACAACCTCAGTCATGTGCTG
TP53,chr17,7675059,NCGGAT,51,1,ATCTGAGCAGCGCTCATGGTGGGGGCAGCGCCTCACAACCTCCGTCATGT
TP53,chr17,7675059,GACAGA,64,1,ATCTGAGCAGCGCTCATGGTGGGGGCAGCGCCTCACAACCTCCGTCATGTGCTGTGACTGCTTG
TP53,chr17,7675059,ACACAA,-98,1,ATCTGAGCAGCGCTCATGGTGGGGGCAGCGCCTCACAACCTCCGTCATGTGCTGTGACTGCTTGTAGATGGCCATGGCGCGGACGCGGGTGCCGGGCG
TP53,chr17,7675059,CCTACT,-85,1,ATCTGAGCAGCGCTCATGGTGGGGGCAGCGCCTCACAACCTCCGTCATGTGCTGTGACTGCTTGTAGATGGCCATGGCGCGGACG
TP53,chr17,7675059,ACGCCA,-65,1,ATCTGAGCAGCGCTCATGGTGGGGGCAGCGCCTCACAACCTCCGTCTTGCTGTGACTGCTTGT
TP53,chr17,7675059,ACGCCA,-100,1,ATCTGAGCAGCGCTCATGGTGGGGGCAGCGCCTAACAACGTCGATGATGTGCTGTGACTGCTTGTAGATGGCCATGGCGCGGACGCGGGTGCCGGGCGGG
TP53,chr17,7675059,NCTCAC,-89,1,ATCTGAGCAGCGCTCATGGTGGGGGCAGCGCCTCACAACCTCCGTCATGTGCTGTGACTGCTTGTAGATGGCCATGGCGCGGACGCGGC
TP53,chr17,7675059,NCTCAC,-61,1,ATCTGAGCAGCGCTCATGGTGGGGGCAGCGCCTCACAACCTCCGTCATGTGCTGTGACTGC
TP53,chr17,7675059,NCTCAC,-55,1,ATCTGAGCAGCGCTGATTGTGGGGGCAGCGCCTCACAACCTCAGTCATGTGCTGC
TP53,chr17,7675059,NCGGAT,-51,1,ATCTGAGCAGCGCTCATGGTGGGGGCAGCGCCTCACAACCTCCGTCATGTC
TP53,chr17,7675059,GACAGA,-64,1,ATCTGAGCAGCGCTCATGGTGGGGGCAGCGCCTCACAACCTCCGTCATGTGCTGTGACTGCTTG
TP53,chr17,7675061,CAAACA,72,1,CTGAGCAGCGCTCATGGTGGGGGCAGCGCCTCACAACCTCCGTCATGTGCTGTGACCGCTTGTAGATGG
TP53,chr17,7675061,TAGTTC,66,1,CTGAGCAGCGCTCATGGTGGGGGCAGCGCCTTCACAACCTCCGTCATGCGCTGTGACTGCTTGTAGA
TP53,chr17,7675061,CAAACA,-72,1,CTGAGCAGCGCTCATGGTGGGGGCAGCGCCTCACAACCTCCGTCATGTGCTGTGACCGCTTGTAGATGGCCC
TP53,chr17,7675061,TAGTTC,-66,1,CTGAGCAGCGCTCATGGTGGGGGCAGCGCCTTCACAACCTCCGTCATGCGCTGTGACTGCTTGTAGA
TP53,chr17,7675063,GACGCC,74,1,GAGCGGCGCTCATGGTGGGGGCAGCGCTTCACAACCTCCGTCATGTGCTGTGACTGCTTGTAGATGGCAATGGC
TP53,chr17,7675063,GACGCC,67,1,GAGCAGCGCTCATGGTGGGGGCAGCGCCTCACAACCTCCGACATGTGCTGTGACTGCTTGTAGATGG
TP53,chr17,7675063,GACGCC,95,1,GAGCAGCGCTCATGGTGGGGGGAGCGCCTCACAACCTCCGTCATGTGCTGTGAATGCTTGTAGATGGCCATGGCGCGGACGCGGGTGCCGGGCGG
TP53,chr17,7675063,GACGCC,61,1,GAGCAGCGCTCATGGTGGGGGCAGCGCCTCACAACCTCCGTCATGTGCTGTGACTGCTTGT
TP53,chr17,7675063,GACGCC,77,1,GAGCAGCGCTCATGGTGGGGGCAGCGCCTCACAACCTCCGTCATGTGCTGTGACTGCTGGTAGATGGCCATGGCGCG
TP53,chr17,7675063,AGGATA,77,1,GAGCAGCGCTCATGGTGGGGGCAGCGCCTCACAACCTCCGTCTATGTGCTGTGACTGCTTGTAGATGGCCATGGCGGG
TP53,chr17,7675063,ACAGGA,70,1,GAGCAGCGCTCATGGTGGGGGCAGCGCCTCACAACCTCCGTCATGTGCTGTGACTGCTTGTAGATGG
TP53,chr17,7675063,ACCATC,77,1,GAGCAGCGCTCATGGTGGGGGCAGCGCCTCACAAGCTCCGTCATGTGCTGTGACTGCTTGTAGATGGCCATGGCGCG
TP53,chr17,7675063,GACGCC,-74,1,GAGCGGCGCTCATGGTGGGGGCAGCGCTTCACAACCTCCGTCATGTGCTGTGACTGCTTGTAGATGGCAATGGC
TP53,chr17,7675063,GACGCC,-67,1,GAGCAGCGCTCATGGTGGGGGCAGCGCCTCACAACCTCCGACATGTGCTGTGACTGCTTGTAGATGG
TP53,chr17,7675063,GACGCC,-95,1,GAGCAGCGCTCATGGTGGGGGGAGCGCCTCACAACCTCCGTCATGTGCTGTGAATGCTTGTAGATGGCCATGGCGCGGACGCGGGTGCCGGGCGG
TP53,chr17,7675063,GACGCC,-61,1,GAGCAGCGCTCATGGTGGGGGCAGCGCCTCACAACCTCCGTCATGTGCTGTGACTGCTTGT
TP53,chr17,7675063,GACGCC,-77,1,GAGCAGCGCTCATGGTGGGGGCAGCGCCTCACAACCTCCGTCATGTGCTGTGACTGCTGGTAGATGGCCATGGCGCG
TP53,chr17,7675063,AGGATA,-77,1,GAGCAGCGCTCATGGTGGGGGCAGCGCCTCACAACCTCCGTCTATGTGCTGTGACTGCTTGTAGATGGCCATGGCGGG
TP53,chr17,7675063,ACAGGA,-70,1,GAGCAGCGCTCATGGTGGGGGCAGCGCCTCACAACCTCCGTCATGTGCTGTGACTGCTTGTAGATGGCCC
TP53,chr17,7675063,ACCATC,-77,1,GAGCAGCGCTCATGGTGGGGGCAGCGCCTCACAAGCTCCGTCATGTGCTGTGACTGCTTGTAGATGGCCATGGCGCGCCC
TP53,chr17,7675065,CATGAA,52,1,GCAGCGCTCAGGGTGGGGGCAGCGCCTCAACAACCTCCGTCATGTGCTGTGA
TP53,chr17,7675065,CATGAA,97,1,GCAGCGCTCATGGTGGGGGCAGCGCCTCACAACCTCCGTCATGTGCTGTGACTGCATGTAGATGGCCATGGCGCGGACGCGGGTGCCGGGCGGGGGT
TP53,chr17,7675065,CATGAA,93,1,GCAGCGCTCATGGTGGGGGCAGCGCCTCACAACCTGCCGTCATGTGCTGTGACTGCTTGTAGATGGCCATGGCGCGGACGCGGGTGCCGGGCGG
TP53,chr17,7675065,GATGGC,52,1,GCAGCGCTCATGGTGGGGGCAGCGCCTCACAACCTCCGTCATGTGCTGTGA
TP53,chr17,7675065,CATGAA,-52,1,GCAGCGCTCAGGGTGGGGGCAGCGCCTCAACAACCTCCGTCATGTGCTGTGACCC
TP53,chr17,7675065,CATGAA,-97,1,GCAGCGCTCATGGTGGGGGCAGCGCCTCACAACCTCCGTCATGTGCTGTGACTGCATGTAGATGGCCATGGCGCGGACGCGGGTGCCGGGCGGGGGTCCC
TP53,chr17,7675065,CATGAA,-93,1,GCAGCGCTCATGGTGGGGGCAGCGCCTCACAACCTGCCGTCATGTGCTGTGACTGCTTGTAGATGGCCATGGCGCGGACGCGGGTGCCGGGCGGCCC
TP53,chr17,7675065,GATGGC,-52,1,GCAGCGCTCATGGTGGGGGCAGCGCCTCACAACCTCCGTCATGTGCTGTGACCC
TP53,chr17,7675066,GTGAAA,78,1,CAGCCTCATGGTGGGGGCAACGCCTCACAACCTCCGTCATGTGCCTGCGACTGCTTGTAGATGGCCATGGCGCGGACG
TP53,chr17,7675066,CCGTAC,75,1,CAGCGCTCATGGTGGAGGCAGCGCCTCACAACCTCCGTCATGTGCTGTGACTGCTTGTAGATGGCCATGGCGCGG
TP53,chr17,7675066,CCGTAC,92,1,CAGCGCTCATGGTGGGGGCAGCGCCTCGCAACCTCCGTCATGTGCTGTGACTGCTTGTAGATGGCCATGGCGCGGACGCGGGTGCCGGGCGG
TP53,chr17,7675066,NACGTA,62,1,CAGCGCTCATGGTTGGGGCAGCGCCTCACAACCTCCGTCATGTGCTGTGACTGCTTGTAGA
TP53,chr17,7675066,GTGAAA,-78,1,CAGCCTCATGGTGGGGGCAACGCCTCACAACCTCCGTCATGTGCCTGCGACTGCTTGTAGATGGCCATGGCGCGGACG
TP53,chr17,7675066,CCGTAC,-75,1,CAGCGCTCATGGTGGAGGCAGCGCCTCACAACCTCCGTCATGTGCTGTGACTGCTTGTAGATGGCCATGGCGCGG
TP53,chr17,7675066,CCGTAC,-92,1,CAGCGCTCATGGTGGGGGCAGCGCCTCGCAACCTCCGTCATGTGCTGTGACTGCTTGTAGATGGCCATGGCGCGGACGCGGGTGCCGGGCGG
TP53,chr17,7675066,NACGTA,-62,1,CAGCGCTCATGGTTGGGGCAGCGCCTCACAACCTCCGTCATGTGCTGTGACTGCTTGTAGAC
TP53,chr17,7675067,TTAAGG,89,1,AGCGCTCATGATGGGGGCAGCGCCTCACAACCTCCGTCATGTGCTGTGACTGCTTGTAGATGGCCATGGCGCGGACGCGGGTCCCGGG
TP53,chr17,7675067,CTTTCC,71,1,AGCGCTCATGGTGGGGGCAGCGCCTCACAACCTCCGTCATGTGCTGTGACTGCTTCTAGATGGCCATGGCA
TP53,chr17,7675067,CTTTCC,97,1,AGCGCTCATGGTCGAGCGCAGCGCTCACAACCTCACGTCATGTGCTGTGACTGCTTGTAGATGGCCATGCGCGGACGCGGGTGCCGGGCGGGGGTGT
TP53,chr17,7675067,CTTTCC,84,1,AGCGCTCATGGTGGGGGCAGCGCGTCACAACCTCCGGCATGTGCTGTGACTGCTTGTAGATGGCCCTGGCTCGGACGCGGGTGC
TP53,chr17,7675067,TCCATT,96,1,AGCGCTCGTGGTGGGGGCAGCGCCTCACAACCTCCGTCATATGCTTTGACGCTTGTAGATGGCCATGGCGCGGACGCGGGTGCCGGGCGGGGGTG
TP53,chr17,7675067,GGTGCT,74,1,AGCGACTCATGGTGGGGGCAGCGCCTCACAACCTCCGTCATGTGCTGTGACTGCTTGTAGATGCCATGGCGCGG
TP53,chr17,7675067,GGTGCT,95,1,GGCGCTCATGGTGGGGGCAGCGCCTCACAACTTCCGTCATGTGCTGTGACTGCTTGTAGATGGCCATGGCGCGGACGCGGGTGCCGGGCGGGGGT
TP53,chr17,7675067,GGTGCT,70,1,AGCGCTATGGTGGGGGCAGCGCCTCACAACCTCCGTCATGTGCTGTGACTTCTTGTAGATGGCCATGGC
TP53,chr17,7675067,GGTGCT,86,2,AGCGCTCATGGTGGGGGCAGCGCCTCACAACCTCCGTCATGTGCTGTGACTCCTTGTAGATGGCCATGGCGCGGACACGGGTGCCGAG
TP53,chr17,7675067,GGTGCT,68,1,AGCGCTCATGGTGGGGGCAGCGCCTCACAACCTCCATCATGTGCTGTGACTGCTTGTAGATGCCCATG
TP53,chr17,7675067,GGTGCT,71,1,AACGCTCATGGTGGGGGCAGCGCCTCACAACCTCGTCATGTGCTGTGACTGCTTGTAGATGGCCATGGCGAGGAC
TP53,chr17,7675067,TTAAGG,-89,1,AGCGCTCATGATGGGGGCAGCGCCTCACAACCTCCGTCATGTGCTGTGACTGCTTGTAGATGGCCATGGCGCGGACGCGGGTCCCGGGCCC
TP53,chr17,7675067,CTTTCC,-71,1,AGCGCTCATGGTGGGGGCAGCGCCTCACAACCTCCGTCATGTGCTGTGACTGCTTCTAGATGGCCATGGCA
TP53,chr17,7675067,CTTTCC,-97,1,AGCGCTCATGGTCGAGCGCAGCGCTCACAACCTCACGTCATGTGCTGTGACTGCTTGTAGATGGCCATGCGCGGACGCGGGTGCCGGGCGGGGGTGT
TP53,chr17,7675067,CTTTCC,-84,1,AGCGCTCATGGTGGGGGCAGCGCGTCACAACCTCCGGCATGTGCTGTGACTGCTTGTAGATGGCCCTGGCTCGGACGCGGGTGC
TP53,chr17,7675067,TCCATT,-96,1,AGCGCTCGTGGTGGGGGCAGCGCCTCACAACCTCCGTCATATGCTTTGACGCTTGTAGATGGCCATGGCGCGGACGCGGGTGCCGGGCGGGGGTG
TP53,chr17,7675067,GGTGCT,-74,1,AGCGACTCATGGTGGGGGCAGCGCCTCACAACCTCCGTCATGTGCTGTGACTGCTTGTAGATGCCATGGCGCGGCCC
TP53,chr17,7675067,GGTGCT,-95,1,GGCGCTCATGGTGGGGGCAGCGCCTCACAACTTCCGTCATGTGCTGTGACTGCTTGTAGATGGCCATGGCGCGGACGCGGGTGCCGGGCGGGGGTCCC
TP53,chr17,7675067,GGTGCT,-70,1,AGCGCTATGGTGGGGGCAGCGCCTCACAACCTCCGTCATGTGCTGTGACTTCTTGTAGATGGCCATGGCCCC
TP53,chr17,7675067,GGTGCT,-86,2,AGCGCTCATGGTGGGGGCAGCGCCTCACAACCTCCGTCATGTGCTGTGACTCCTTGTAGATGGCCATGGCGCGGACACGGGTGCCGAGCCC
TP53,chr17,7675067,GGTGCT,-68,1,AGCGCTCATGGTGGGGGCAGCGCCTCACAACCTCCATCATGTGCTGTGACTGCTTGTAGATGCCCATGCCC
TP53,chr17,7675067,GGTGCT,-71,1,AACGCTCATGGTGGGGGCAGCGCCTCACAACCTCGTCATGTGCTGTGACTGCTTGTAGATGGCCATGGCGAGGACCCC
TP53,chr17,7675068,CGGCGT,72,1,GCGCTCATGGTGGGGGCAGCGCCTCACAACCTCCGTCATGTGCTGTGACTGCTTGTAGATGGCCATGGCGCG
TP53,chr17,7675068,CCAGGG,80,1,GCGCCATGGTGGGGGCTAGCGTCTACAACCTCCGTCATCTGCTGTGACTGCTTGTAGATGGCCATGGCGCGGACGCGGG
TP53,chr17,7675068,CGGCGT,-72,1,GCGCTCATGGTGGGGGCAGCGCCTCACAACCTCCGTCATGTGCTGTGACTGCTTGTAGATGGCCATGGCGCG
TP53,chr17,7675068,CCAGGG,-80,1,GCGCCATGGTGGGGGCTAGCGTCTACAACCTCCGTCATCTGCTGTGACTGCTTGTAGATGGCCATGGCGCGGACGCGGGCCC
TP53,chr17,7675069,NGACCT,53,1,CGCTCATGGTGGGGGCAGCGCCTCACAATCTCCGTCATGTGCTGTGACTGCTTTTC
TP53,chr17,7675069,GTTACG,59,1,CGCTCATGGTGGGGGCAGCGCCTCACACCCTCCGTCATGTGCTGTGACTGCTTGTAGAT
TP53,chr17,7675069,AAAGAG,101,1,CGCTATGGTGGGGACAGCGCCTCACAACCTCCGTCATGTGCTGTGACTGCTTGTAGATGGCCATGGCGCGGACGAGGGTGCCGGGCGGGGGTGTGGAAT
TP53,chr17,7675069,NGACCT,-53,1,CGCTCATGGTGGGGGCAGCGCCTCACAATCTCCGTCATGTGCTGTGACTGCTTTTCC
TP53,chr17,7675069,GTTACG,-59,1,CGCTCATGGTGGGGGCAGCGCCTCACACCCTCCGTCATGTGCTGTGACTGCTTGTAGATCCC
TP53,chr17,7675069,AAAGAG,-101,1,CGCTATGGTGGGGACAGCGCCTCACAACCTCCGTCATGTGCTGTGACTGCTTGTAGATGGCCATGGCGCGGACGAGGGTGCCGGGCGGGGGTGTGGAATCCC
TP53,chr17,7675070,NCCCTT,94,1,GCTCATGGTTGGGGCAGCGCCTCACAACCTCCGTCATGTGCTGTGACTGCTTGTAGATGGCCATGGCGCGGACGCGGGTGCCGGGCGGGGGTG
TP53,chr17,7675070,NCCCTT,73,1,GCTCATGGTGGGGGCAGCGCCTCACAACCTCCGTCATGTGCTGTGACTGCTTGTAGATGGCCATGGCGCGGA
TP53,chr17,7675070,GCTGGC,84,1,GCTCATGGTGGGGGCAGCGGCCTCACAACCTCCGTCATGTGCTGTGACTGCTTGTAGATGGCCATGGCGCGGACGCGGGTGCCGT
TP53,chr17,7675070,GCTGGC,88,1,GCTCATGGTGGGGGCAGCGCCTCACAACCTCCGTCATGTGCTGTGACTGCTTGTAGATGGCCATGGCGCGGACGCGGGTGCCGGGCGG
TP53,chr17,7675070,NCCCTT,-94,1,GCTCATGGTTGGGGCAGCGCCTCACAACCTCCGTCATGTGCTGTGACTGCTTGTAGATGGCCATGGCGCGGACGCGGGTGCCGGGCGGGGGTGC
TP53,chr17,7675070,NCCCTT,-73,1,GCTCATGGTGGGGGCAGCGCCTCACAACCTCCGTCATGTGCTGTGACTGCTTGTAGATGGCCATGGCGCGGAC
TP53,chr17,7675070,GCTGGC,-84,1,GCTCATGGTGGGGGCAGCGGCCTCACAACCTCCGTCATGTGCTGTGACTGCTTGTAGATGGCCATGGCGCGGACGCGGGTGCCGT
TP53,chr17,7675070,GCTGGC,-88,1,GCTCATGGTGGGGGCAGCGCCTCACAACCTCCGTCATGTGCTGTGACTGCTTGTAGATGGCCATGGCGCGGACGCGGGTGCCGGGCGG
TP53,chr17,7675071,AAAGAG,68,48,CTCATGGTGGGGGCAGCGCCTCACAACCTCCGTCATGTGCTGTGACTGCTTGTAGATGGCCATGGCGC
TP53,chr17,7675071,AAAGAG,55,23,CTCATGGTGGGGGCAGCGCCTCACAACCTCCGTCATGTGCTGTGACTGCTTGTAG
TP53,chr17,7675071,AAAGAG,83,14,CTCATGGTGGGGGCAGCGCCTCACAACCTCCGTCATGTGCTGTGACTGCTTGTAGATGGCCATGGCGCGGACGCGGGGGCCGG
TP53,chr17,7675071,AAAGAG,63,18,CTCATGGTGGGGGCAGCGCCTCACAACCTCCGTCATGTGCTGTGACTGCTTGTAGATGGCCA
TP53,chr17,7675071,AAAGAG,94,21,CTCATGGTGGGGGCAGCGCCTCACAACCTCCGTCATGTGCTGTGACTGCTTGTAGATGGCCATGGCGCGGACGCGGGTGCCGGGCGGGGGTGTG
TP53,chr17,7675071,AAAGAG,61,44,CTCATGGTGGGGGCAGCGCCTCACAACCTCCGTCATGTGCTGTGACTGCTTGTAGATGGCC
TP53,chr17,7675071,AAAGAG,103,15,CTCATGGTGGGGGCAGCGCCTCACAACCTCCGTCATGTGCTGTGACTGCTTGTAGATGGCCATGGCGCGGACGGGGGTGCCGGGCGGGGGTGTGGAATCAA
TP53,chr17,7675071,AAAGAG,81,60,CTCATGGTGGGGGCAGCGCCTCACAACCTCCGTCATGTGCTGTGACTGCTTGTAGATGGCCATGGCGCGGACGCGGGT
TP53,chr17,7675071,AAAGAG,99,33,CTCATGGTGGGGGCAGCGCCTCACAACCTCCGTCATGTGCTGTGACTGCTTGTAGATGGCCATGGCGCGGACGCGGGTGCCGGGCGGGGGTGTGGAATC
TP53,chr17,7675071,AAAGAG,90,19,CTCATGGTGGGGGCAGCGCCTCACAACCTCCGTCATGTGCTGTGACTGCTTGTAGATGGCCATGGCGCGGACGCGGGTGCCGGGCGGGGGGGTGG
TP53,chr17,7675071,AAAGAG,93,18,CTCATGGTGGGGGCAGCGCCTCACAACCTCCGTCATGTGCTGTGACTGCTTGTAGATGGCCATGGCGCGGACGCGGGTGCCGGGCGGGGGTGT
TP53,chr17,7675071,AAAGAG,66,13,CTCATGGTGGGGGCAGCGCCTCACAACCTCCGTCATGTGCTGTGACTGCTTGTAGATGGCCATGG
TP53,chr17,7675071,AAAGAG,74,48,CTCATGGTGGGGGCAGCGCCTCACAACCTCCGTCATGTGCTGTGACTGCTTGTAGATGGCCATGGCGCGGAC
TP53,chr17,7675071,AAAGAG,82,44,CTCATGGTGGGGGCAGCGCCTCACAACCTCCGTCATGTGCTGTGACTGCTTGTAGATGGCCATGGCGCGGACGCGGGTG
TP53,chr17,7675071,AAAGAG,50,16,CTCATGGTGGGGGCAGCGCCTCACAACCTCCGTCATGTGCTGTGACTGCT
TP53,chr17,7675071,AAAGAG,89,11,CTCATGGTGGGGGCAGCGCCTCACAACCTCCGTCATGTGCTGTGACTGCTTGTAGATGGCCATGGCGCGGACGCGGGTGCCGGGCGGGG
TP53,chr17,7675071,AAAGAG,86,23,CTCATGGTGGGGGCAGCGCCTCACAACCTCCGTCATGTGCTGTGACTGCTTGTAGATGGCCATGGCGCGGACGCGGGTGCCGGGCG
TP53,chr17,7675071,AAAGAG,51,19,CTCATGGTGGGGGCAGCGCCTCACAACCTCCGTCATGTGCTGTGACTGCTT
TP53,chr17,7675071,AAAGAG,77,23,CTCATGGTGGGGGCAGCGCCTCACAACCTCCGTCATGTGCTGTGACTGCTTGTAGATGGCCATGGCGCGGACGCGGG
TP53,chr17,7675071,AAAGAG,47,1,CTCATGGTGGGGGCAGCGCCTCACAACCTCCGTCATGTGCTGTGACTTGCTATGTAGAT
TP53,chr17,7675071,AAAGAG,79,1,CTCATGGTGGGGGCAGCGCCTCACAACCTCCGTCATGTGCTGTGACTGCTTGTAGACTGGCCATGGCGCGGACGCGGGTGG
TP53,chr17,7675071,AAAGAG,95,17,CTCATGGTGGGGGCAGCGCCTCACAACCTCCGTCATGTGCTGTGACTGCTTGTAGATGGCCATGGCCGGGGCGGGGGGGCCGGGGGGGGGTGTGGGG
TP53,chr17,7675071,AAAGAG,53,10,CTCATGGTGGGGGCAGCGCCTCACAACCTCCGTCATGTGCTGTGACTGCTTGTTT
TP53,chr17,7675071,AAAGAG,57,22,CTCATGGTGGGGGCAGCGCCTCACAACCTCCGTCATGTGCTGTGACTGCTTGTAGAT
TP53,chr17,7675071,AAAGAG,64,18,CTCATGGTGGGGGCAGCGCCTCACAACCTCCGTCATGTGCTGTGACTGCTTGTAGATGGCCATG
TP53,chr17,7675071,AAAGAG,62,23,CTCATGGTGGGGGCAGCGCCTCACAACCTCCGTCATGTGCTGTGACTGCTTGTAGATGGCCA
TP53,chr17,7675071,AAAGAG,54,14,CTCATGGTGGGGGCAGCGCCTCACAACCTCCGTCATGTGCTGTGACTGCTTGTA
TP53,chr17,7675071,AAAGAG,75,17,CTCATGGTGGGGGCAGCGCCTCACAACCTCCGTCATGTGCTGTGACTGCTTGTAGATGGCCATGGCGCGGACGCG
TP53,chr17,7675071,AAAGAG,80,4,CTCATGGTGGGGGCAGCGCCTCACAACCTCCGTCATGTGCTGTGACTGCTTGTAGATGGCCATGGCGCGGACGCGGGTGCGGG
TP53,chr17,7675071,AAAGAG,85,38,CTCATGGTGGGGGCAGCGCCTCACAACCTCCGTCATGTGCTGTGACTGCTTGTAGATGGCCATGGCGCGGACGCGGGTGCCGGGC
TP53,chr17,7675071,AAAGAG,72,19,CTCATGGTGGGGGCAGCGCCTCACAACCTCCGTCATGTGCTGTGACTGCTTGTAGATGGCCATGGCGCGGACCCGG
TP53,chr17,7675071,AAAGAG,56,21,CTCATGGTGGGGGCAGCGCCTCACAACCTCCGTCATGTGCTGTGACTGCTTGTAGAA
TP53,chr17,7675071,AAAGAG,70,20,CTCATGGTGGGGGCAGCGCCTCACAACCTCCGTCATGTGCTGTGACTGCTTGTAGATGGCCATGGCGCGG
TP53,chr17,7675071,AAAGAG,92,17,CTCATGGTGGGGGCAGCGCCTCACAACCTCCGTCATGTGCTGTGACTGCTTGTAGATGGCCATGGCGCGGACGCGGGTGCCGGGCGGGGGTG
TP53,chr17,7675071,AAAGAG,97,14,CTCATGGTGGGGGCAGCGCCTCACAACCTCCGTCATGTGCTGTGACTGCTTGTAGATGGCCATGGCGCGGACGCGGGTGCCGGGCGGGGGTGTGGAAA
TP53,chr17,7675071,AAAGAG,69,14,CTCATGGTGGGGGCAGCGCCTCACAACCTCCGTCATGTGCTGTGACTGCTTGTAGATGGCCATGGCGCGG
TP53,chr17,7675071,AAAGAG,52,16,CTCATGGTGGGGGCAGCGCCTCACAACCTCCGTCATGTGCTGTGACTGCTTG
TP53,chr17,7675071,AAAGAG,76,10,CTCATGGTGGGGGCAGCGCCTCACAACCTCCGTCATGTGCTGTGACTGCTTGTAGATGGCCATGGCGCGGACGCGGT
TP53,chr17,7675071,AAAGAG,49,3,CTCATGGTGGGGGCAGCGCCTCACAACCTCCGTCATGTGCTGTGACTGCATGTAA
TP53,chr17,7675071,AAAGAG,96,11,CTCATGGTGGGGGCAGCGCCTCACAACCTCCGTCATGTGCTGTGACTGCTTGTAGATGGCCATGGCGCGGACGCGGGTGCCGGGCGGGGGTGTGG
TP53,chr17,7675071,AAAGAG,87,13,CTCATGGTGGGGGCAGCGCCTCACAACCTCCGTCATGTGCTGTGACTGCTTGTAGATGGCCATGGCGCGGACGCGGGTGCCGGGCG
TP53,chr17,7675071,AAAGAG,98,1,CTCATGGTGGGGGCAGCGCCTCACAACCTCCGTCATGTGCTGTGACTGCTTGTAGATGGCCATGGCGCGGACGCGGGTGCCGGGCGGGGGTGTGGAATA
TP53,chr17,7675071,AAAGAG,88,14,CTCATGGTGGGGGCAGCGCCTCACAACCTCCGTCATGTGCTGTGACTGCTTGTAGATGGCCATGGCGCGGACGCGGGTGCCGGGCGGG
TP53,chr17,7675071,AAAGAG,91,19,CTCATGGTGGGGGCAGCGCCTCACAACCTCCGTCATGTGCTGTGACTGCTTGTAGATGGCCATGGCGCGGACGCGGGTGCCGGGCGGGGGT
TP53,chr17,7675071,AAAGAG,59,4,CTCATGGTGGGGGCAGCGCCTCACAACCTCCGTCATGTGCTGTGACTGCTTGTAGATGGGCA
TP53,chr17,7675071,AAAGAG,71,2,CTCATGGTGGGGGTAGCGCCTCACAACCTCCGTCATGTGCTTGACTGCTTGTAGATGGCCATGGCGCGGAGGCGG
TP53,chr17,7675071,AAAGAG,67,1,GTCATGGTGGGTGCAGCGCCTCACAACCTCGGTCATGTGCTGTGACTGCTTGTAGATGGCCATGGCGGG
TP53,chr17,7675071,AAAGAG,78,1,CTCATGGTGGGGGCAGGGCCTCACAACCTCCGTCATGTGCTGTGACTGCTTGTAGATGGCCATGGCGCGAACGCGGGTC
TP53,chr17,7675071,AAAGAG,30,1,CTTATGGTGGGGGCAGCGCCTCACAACCTCATCATCTGCTGTTGACTGCTTGTTTATGGCC
TP53,chr17,7675071,AAAGAG,43,1,CTCATGGTGGGGGCAGCGCCTCACAACCTCCGTCATGTGCTGTAACTGTT
TP53,chr17,7675071,AAAGAG,36,1,CTCATGGTAGGGGCAGCGCCTCACAACCTCCGTCATTGCTGTCCCTGCTTG
TP53,chr17,7675071,AAAGAG,48,3,CTCATGGTGGGGGCAGCGCCTCACAACCTCCGTCATGTGCTGTGACTGTTG
TP53,chr17,7675071,AAAGAG,45,1,CTCATGGTGGGGGCAGCGCCCCAGAACCTCCGTCATGTGCTGTGATGCTTG
TP53,chr17,7675071,AAAGAG,84,1,CTCATGGTGGGGGCAGCGCCTCACAACCTCCGTCATGTGCTGTGACTGCTTGTAGATGGCCGTGGCGCGGACGCGGGTGCCGGGGG
TP53,chr17,7675071,AAAGAG,65,1,CTCATGGTGGGGGCAGCGCCTCACAACCTCCGTCATGCGCTGTGACTGCTTGTAGATGGCCATGGTGCGTACGCG
TP53,chr17,7675071,AAAGAG,73,2,CTCATGGTGGGGGCAGCACCTCACAACCTCCGTCATGTGCTGTGACTGCTTGTAGATGGCCATGGCGCGGACGTTGGT
TP53,chr17,7675071,AAAGAG,60,1,CTCATGGTGGGGGCAGCGCCTCACAACCTCCGTCATGTGCTGTGACTGCTTGTAGATGGCATGGCAGGACGCGGGT
TP53,chr17,7675071,AAAGAG,-68,48,CTCATGGTGGGGGCAGCGCCTCACAACCTCCGTCATGTGCTGTGACTGCTTGTAGATGGCCATGGCGCCCC
TP53,chr17,7675071,AAAGAG,-55,23,CTCATGGTGGGGGCAGCGCCTCACAACCTCCGTCATGTGCTGTGACTGCTTGTAGCCC
TP53,chr17,7675071,AAAGAG,-83,14,CTCATGGTGGGGGCAGCGCCTCACAACCTCCGTCATGTGCTGTGACTGCTTGTAGATGGCCATGGCGCGGACGCGGGGGCCGGCCC
TP53,chr17,7675071,AAAGAG,-63,18,CTCATGGTGGGGGCAGCGCCTCACAACCTCCGTCATGTGCTGTGACTGCTTGTAGATGGCCATCC
TP53,chr17,7675071,AAAGAG,-94,21,CTCATGGTGGGGGCAGCGCCTCACAACCTCCGTCATGTGCTGTGACTGCTTGTAGATGGCCATGGCGCGGACGCGGGTGCCGGGCGGGGGTGTGCCC
TP53,chr17,7675071,AAAGAG,-61,44,CTCATGGTGGGGGCAGCGCCTCACAACCTCCGTCATGTGCTGTGACTGCTTGTAGATGGCCCCC
TP53,chr17,7675071,AAAGAG,-103,15,CTCATGGTGGGGGCAGCGCCTCACAACCTCCGTCATGTGCTGTGACTGCTTGTAGATGGCCATGGCGCGGACGGGGGTGCCGGGCGGGGGTGTGGAATCACCCC
TP53,chr17,7675071,AAAGAG,-81,60,CTCATGGTGGGGGCAGCGCCTCACAACCTCCGTCATGTGCTGTGACTGCTTGTAGATGGCCATGGCGCGGACGCGGGTGCC
TP53,chr17,7675071,AAAGAG,-99,33,CTCATGGTGGGGGCAGCGCCTCACAACCTCCGTCATGTGCTGTGACTGCTTGTAGATGGCCATGGCGCGGACGCGGGTGCCGGGCGGGGGTGTGGAATCCCC
TP53,chr17,7675071,AAAGAG,-90,19,CTCATGGTGGGGGCAGCGCCTCACAACCTCCGTCATGTGCTGTGACTGCTTGTAGATGGCCATGGCGCGGACGCGGGTGCCGGGCGGGGGCCCGGCCC
TP53,chr17,7675071,AAAGAG,-93,18,CTCATGGTGGGGGCAGCGCCTCACAACCTCCGTCATGTGCTGTGACTGCTTGTAGATGGCCATGGCGCGGACGCGGGTGCCGGGCGGGGGTGTCCC
TP53,chr17,7675071,AAAGAG,-66,13,CTCATGGTGGGGGCAGCGCCTCACAACCTCCGTCATGTGCTGTGACTGCTTGTAGATGGCCATGGCCC
TP53,chr17,7675071,AAAGAG,-74,48,CTCATGGTGGGGGCAGCGCCTCACAACCTCCGTCATGTGCTGTGACTGCTTGTAGATGGCCATGGCGCGGACGCC
TP53,chr17,7675071,AAAGAG,-82,44,CTCATGGTGGGGGCAGCGCCTCACAACCTCCGTCATGTGCTGTGACTGCTTGTAGATGGCCATGGCGCGGACGCGGGTGCCC
TP53,chr17,7675071,AAAGAG,-50,16,CTCATGGTGGGGGCAGCGCCTCACAACCTCCGTCATGTGCTGTGACTGCTCCC
TP53,chr17,7675071,AAAGAG,-89,11,CTCATGGTGGGGGCAGCGCCTCACAACCTCCGTCATGTGCTGTGACTGCTTGTAGATGGCCATGGCGCGGACGCGGGTGCCGGGCGGGGCCC
TP53,chr17,7675071,AAAGAG,-86,23,CTCATGGTGGGGGCAGCGCCTCACAACCTCCGTCATGTGCTGTGACTGCTTGTAGATGGCCATGGCGCGGACGCGGGTGCCGGGCGCCC
TP53,chr17,7675071,AAAGAG,-51,19,CTCATGGTGGGGGCAGCGCCTCACAACCTCCGTCATGTGCTGTGACTGCTTCCC
TP53,chr17,7675071,AAAGAG,-77,23,CTCATGGTGGGGGCAGCGCCTCACAACCTCCGTCATGTGCTGTGACTGCTTGTAGATGGCCATGGCGCGGACGCGGGCCC
TP53,chr17,7675071,AAAGAG,-47,1,CTCATGGTGGGGGCAGCGCCTCACAACCTCCGTCATGTGCTGTGACTTGCTATGTAGATCCC
TP53,chr17,7675071,AAAGAG,-79,1,CTCATGGTGGGGGCAGCGCCTCACAACCTCCGTCATGTGCTGTGACTGCTTGTAGACTGGCCATGGCGCGGACGCGGGTGGCCC
TP53,chr17,7675071,AAAGAG,-95,17,CTCATGGTGGGGGCAGCGCCTCACAACCTCCGTCATGTGCTGTGACTGCTTGTAGATGGCCATGGCCGGGGCGGGGGGGCCGGGGGGGGGTGTGGCCCCC
TP53,chr17,7675071,AAAGAG,-53,10,CTCATGGTGGGGGCAGCGCCTCACAACCTCCGTCATGTGCTGTGACTGCTTGTCCCCC
TP53,chr17,7675071,AAAGAG,-57,22,CTCATGGTGGGGGCAGCGCCTCACAACCTCCGTCATGTGCTGTGACTGCTTGTAGATCCC
TP53,chr17,7675071,AAAGAG,-64,18,CTCATGGTGGGGGCAGCGCCTCACAACCTCCGTCATGTGCTGTGACTGCTTGTAGATGGCCATGCCC
TP53,chr17,7675071,AAAGAG,-62,23,CTCATGGTGGGGGCAGCGCCTCACAACCTCCGTCATGTGCTGTGACTGCTTGTAGATGGCCCCCC
TP53,chr17,7675071,AAAGAG,-54,14,CTCATGGTGGGGGCAGCGCCTCACAACCTCCGTCATGTGCTGTGACTGCTTGTACCC
TP53,chr17,7675071,AAAGAG,-75,17,CTCATGGTGGGGGCAGCGCCTCACAACCTCCGTCATGTGCTGTGACTGCTTGTAGATGGCCATGGCGCGGACGCGCCC
TP53,chr17,7675071,AAAGAG,-80,4,CTCATGGTGGGGGCAGCGCCTCACAACCTCCGTCATGTGCTGTGACTGCTTGTAGATGGCCATGGCGCGGACGCGGGTGCGGGGCC
TP53,chr17,7675071,AAAGAG,-85,38,CTCATGGTGGGGGCAGCGCCTCACAACCTCCGTCATGTGCTGTGACTGCTTGTAGATGGCCATGGCGCGGACGCGGGTGCCGGGCCCC
TP53,chr17,7675071,AAAGAG,-72,19,CTCATGGTGGGGGCAGCGCCTCACAACCTCCGTCATGTGCTGTGACTGCTTGTAGATGGCCATGGCGCGGACCCCCCCC
TP53,chr17,7675071,AAAGAG,-56,21,CTCATGGTGGGGGCAGCGCCTCACAACCTCCGTCATGTGCTGTGACTGCTTGTAGACCCC
TP53,chr17,7675071,AAAGAG,-70,20,CTCATGGTGGGGGCAGCGCCTCACAACCTCCGTCATGTGCTGTGACTGCTTGTAGATGGCCATGGCGCGGCCC
TP53,chr17,7675071,AAAGAG,-92,17,CTCATGGTGGGGGCAGCGCCTCACAACCTCCGTCATGTGCTGTGACTGCTTGTAGATGGCCATGGCGCGGACGCGGGTGCCGGGCGGGGGTGCCC
TP53,chr17,7675071,AAAGAG,-97,14,CTCATGGTGGGGGCAGCGCCTCACAACCTCCGTCATGTGCTGTGACTGCTTGTAGATGGCCATGGCGCGGACGCGGGTGCCGGGCGGGGGTGTGGAACCCC
TP53,chr17,7675071,AAAGAG,-69,14,CTCATGGTGGGGGCAGCGCCTCACAACCTCCGTCATGTGCTGTGACTGCTTGTAGATGGCCATGGCGCGCCCC
TP53,chr17,7675071,AAAGAG,-52,16,CTCATGGTGGGGGCAGCGCCTCACAACCTCCGTCATGTGCTGTGACTGCTTGCCC
TP53,chr17,7675071,AAAGAG,-76,10,CTCATGGTGGGGGCAGCGCCTCACAACCTCCGTCATGTGCTGTGACTGCTTGTAGATGGCCATGGCGCGGACGCGGCCCC
TP53,chr17,7675071,AAAGAG,-49,3,CTCATGGTGGGGGCAGCGCCTCACAACCTCCGTCATGTGCTGTGACTGCATGTAACCC
TP53,chr17,7675071,AAAGAG,-96,11,CTCATGGTGGGGGCAGCGCCTCACAACCTCCGTCATGTGCTGTGACTGCTTGTAGATGGCCATGGCGCGGACGCGGGTGCCGGGCGGGGGTGTGGACC
TP53,chr17,7675071,AAAGAG,-87,13,CTCATGGTGGGGGCAGCGCCTCACAACCTCCGTCATGTGCTGTGACTGCTTGTAGATGGCCATGGCGCGGACGCGGGTGCCGGGCGGCC
TP53,chr17,7675071,AAAGAG,-98,1,CTCATGGTGGGGGCAGCGCCTCACAACCTCCGTCATGTGCTGTGACTGCTTGTAGATGGCCATGGCGCGGACGCGGGTGCCGGGCGGGGGTGTGGAATACCC
TP53,chr17,7675071,AAAGAG,-88,14,CTCATGGTGGGGGCAGCGCCTCACAACCTCCGTCATGTGCTGTGACTGCTTGTAGATGGCCATGGCGCGGACGCGGGTGCCGGGCGGGCCC
TP53,chr17,7675071,AAAGAG,-91,19,CTCATGGTGGGGGCAGCGCCTCACAACCTCCGTCATGTGCTGTGACTGCTTGTAGATGGCCATGGCGCGGACGCGGGTGCCGGGCGGGGGTCCC
TP53,chr17,7675071,AAAGAG,-59,4,CTCATGGTGGGGGCAGCGCCTCACAACCTCCGTCATGTGCTGTGACTGCTTGTAGATGGGCACCC
TP53,chr17,7675071,AAAGAG,-71,2,CTCATGGTGGGGGTAGCGCCTCACAACCTCCGTCATGTGCTTGACTGCTTGTAGATGGCCATGGCGCGGAGGCGGCCC
TP53,chr17,7675071,AAAGAG,-67,1,GTCATGGTGGGTGCAGCGCCTCACAACCTCGGTCATGTGCTGTGACTGCTTGTAGATGGCCATGGCGGGCCC
TP53,chr17,7675071,AAAGAG,-78,1,CTCATGGTGGGGGCAGGGCCTCACAACCTCCGTCATGTGCTGTGACTGCTTGTAGATGGCCATGGCGCGAACGCGGGTCCCC
TP53,chr17,7675071,AAAGAG,-30,1,CTTATGGTGGGGGCAGCGCCTCACAACCTCATCATCTGCTGTTGACTGCTTGTTTATGGCCCCC
TP53,chr17,7675071,AAAGAG,-43,1,CTCATGGTGGGGGCAGCGCCTCACAACCTCCGTCATGTGCTGTAACTGTTCCC
TP53,chr17,7675071,AAAGAG,-36,1,CTCATGGTAGGGGCAGCGCCTCACAACCTCCGTCATTGCTGTCCCTGCTTGCCC
TP53,chr17,7675071,AAAGAG,-48,3,CTCATGGTGGGGGCAGCGCCTCACAACCTCCGTCATGTGCTGTGACTGTTGCCC
TP53,chr17,7675071,AAAGAG,-45,1,CTCATGGTGGGGGCAGCGCCCCAGAACCTCCGTCATGTGCTGTGATGCTTGCCC
TP53,chr17,7675071,AAAGAG,-84,1,CTCATGGTGGGGGCAGCGCCTCACAACCTCCGTCATGTGCTGTGACTGCTTGTAGATGGCCGTGGCGCGGACGCGGGTGCCGGGGGCCC
TP53,chr17,7675071,AAAGAG,-65,1,CTCATGGTGGGGGCAGCGCCTCACAACCTCCGTCATGCGCTGTGACTGCTTGTAGATGGCCATGGTGCGTACGCGCCC
TP53,chr17,7675071,AAAGAG,-73,2,CTCATGGTGGGGGCAGCACCTCACAACCTCCGTCATGTGCTGTGACTGCTTGTAGATGGCCATGGCGCGGACGTTGGTCCC
TP53,chr17,7675071,AAAGAG,-60,1,CTCATGGTGGGGGCAGCGCCTCACAACCTCCGTCATGTGCTGTGACTGCTTGTAGATGGCATGGCAGGACGCGGGTCCC
TP53,chr17,7675072,AAAGAG,84,1,TCATGGTGGGGGCAGCGCCTCACAACCTCCGTCATGTGCTGTGACTGCTTGTAGATGGCCATGGCGCGGACGCGGGTGCCGGG
TP53,chr17,7675072,AAAGAG,88,2,CCATGGTGGGGGCAGCGCCTCATAACCTCCGTCATGTGCTGTGACTGCTTGTAGATGGCCATGGCGCGGCCCCGGGTTCCGGGCGGGG
TP53,chr17,7675072,AAAGAG,48,1,CATCATGGTGGGGGCAGCGCCTCACAACCTCCGTCATGTGCTGTGACTGC
TP53,chr17,7675072,AAAGAG,73,1,CTTCATGGTGGGGGCAGCACCTCACAACCTCCGTCATGTGCTGTGACAGCTTGTAGATGGCCATGGCGCGGACGC
TP53,chr17,7675072,AAAGAG,62,1,TCATGGTGGGGGCAGCGCCTCACAACCTCCGTCATGTGCTGTGACTGCTGCTAGATGGCCAT
TP53,chr17,7675072,AAAGAG,51,1,TCATGGTGGGGGCAGCGCCTCACAACCTCCGTCATGTGCTGTGACTGCTTGATAGAT
TP53,chr17,7675072,AAAGAG,102,1,TCATGGTGGGGGCTGCGCCTCAAAACCTCCGTCATGTGCTGTGACTGCTTGTAGATGGCCATGGCGCGGACGCGGGTGCCGGGCGGGGGTGTGGAATCA
TP53,chr17,7675072,AAAGAG,54,1,TCATGGTGGGGTCAGCGCCTCACAACCTCCGTCATGTGCTGTGACTGCTTGTAG
TP53,chr17,7675072,AAAGAG,-84,1,TCATGGTGGGGGCAGCGCCTCACAACCTCCGTCATGTGCTGTGACTGCTTGTAGATGGCCATGGCGCGGACGCGGGTGCCGGGCCC
TP53,chr17,7675072,AAAGAG,-88,2,CCATGGTGGGGGCAGCGCCTCATAACCTCCGTCATGTGCTGTGACTGCTTGTAGATGGCCATGGCGCGGCCCCGGGTTCCGGGCGGGGCCC
TP53,chr17,7675072,AAAGAG,-48,1,CATCATGGTGGGGGCAGCGCCTCACAACCTCCGTCATGTGCTGTGACTGCCCC
TP53,chr17,7675072,AAAGAG,-73,1,CTTCATGGTGGGGGCAGCACCTCACAACCTCCGTCATGTGCTGTGACAGCTTGTAGATGGCCATGGCGCGGACGCCCC
TP53,chr17,7675072,AAAGAG,-62,1,TCATGGTGGGGGCAGCGCCTCACAACCTCCGTCATGTGCTGTGACTGCTGCTAGATGGCCATCCC
TP53,chr17,7675072,AAAGAG,-51,1,TCATGGTGGGGGCAGCGCCTCACAACCTCCGTCATGTGCTGTGACTGCTTGATAGATCCC
TP53,chr17,7675072,AAAGAG,-102,1,TCATGGTGGGGGCTGCGCCTCAAAACCTCCGTCATGTGCTGTGACTGCTTGTAGATGGCCATGGCGCGGACGCGGGTGCCGGGCGGGGGTGTGGAATCACCC
TP53,chr17,7675072,AAAGAG,-54,1,TCATGGTGGGGTCAGCGCCTCACAACCTCCGTCATGTGCTGTGACTGCTTGTAGCCC
TP53,chr17,7675073,AAAGAG,87,1,CTACATGGTGGGGGCAGCGCCTCACAACCTCCGTATGTGCTGTGACTGCTTGTAGATGGCCATGGCGCGGACGCGGGTGCCGGGCGGGG
TP53,chr17,7675073,AAAGAG,66,1,CTCCATGGTGGGGGCAGCGCCTCACAACCTCCGTCATGTGCTGTGACTGCTTGTAGATGGCCATGGCG
TP53,chr17,7675073,AAAGAG,94,1,ACCATGGTGGGGGCAGCGCCTCACAACCTCCGTCATGTGCTGTGACTGCTTGTAGATGGCCATGGCGCCGGACGCGGGTGCCGGGCGGGGGTGTGGA
TP53,chr17,7675073,AAAGAG,88,1,CTCCATGGTGGGGGCAGCGCCTCACAACCTCCGTCATGTGCTGTGACTGCTTGTAGATGGCCATGGCGCGGACGCGGGTGCCGGGCGGGGG
TP53,chr17,7675073,AAAGAG,-87,1,CTACATGGTGGGGGCAGCGCCTCACAACCTCCGTATGTGCTGTGACTGCTTGTAGATGGCCATGGCGCGGACGCGGGTGCCGGGCGGGGCCC
TP53,chr17,7675073,AAAGAG,-66,1,CTCCATGGTGGGGGCAGCGCCTCACAACCTCCGTCATGTGCTGTGACTGCTTGTAGATGGCCATGGCGCCC
TP53,chr17,7675073,AAAGAG,-94,1,ACCATGGTGGGGGCAGCGCCTCACAACCTCCGTCATGTGCTGTGACTGCTTGTAGATGGCCATGGCGCCGGACGCGGGTGCCGGGCGGGGGTGTGGACCC
TP53,chr17,7675073,AAAGAG,-88,1,CTCCATGGTGGGGGCAGCGCCTCACAACCTCCGTCATGTGCTGTGACTGCTTGTAGATGGCCATGGCGCGGACGCGGGTGCCGGGCGGGGGCCC
TP53,chr17,7675074,TTATCC,86,1,ATGGTGGGGGCAGCGCCTCACAACCTCCGTCATGTGCTGTGACTGCATGTAGATGGCCATGGCGCGGACGCGGGTGCCGTGCGGGG
TP53,chr17,7675074,AAAGAG,59,1,CTATGGTGGGGGCAGCGCCTCACAACCTCCGTCATGTGCTGTGACTGCTGGTAGATGGCCA
TP53,chr17,7675074,AAAGAG,61,1,TTCTATGGTGTGGGCAGCGCCTCACAACCTCCGTCATGTGCTGTGACTGCTTGTCGATGGCCATG
TP53,chr17,7675074,AAAGAG,85,1,CTATGGTGGGGGCAGCGCCTCACAACCTCGTCATGTGCTGTGACTGCTTGTAGATGGCCATGGCGCGGACGCGGGTGCCGGGCGGG
TP53,chr17,7675074,TTATCC,-86,1,ATGGTGGGGGCAGCGCCTCACAACCTCCGTCATGTGCTGTGACTGCATGTAGATGGCCATGGCGCGGACGCGGGTGCCGTGCGGGG
TP53,chr17,7675074,AAAGAG,-59,1,CTATGGTGGGGGCAGCGCCTCACAACCTCCGTCATGTGCTGTGACTGCTGGTAGATGGCCACCC
TP53,chr17,7675074,AAAGAG,-61,1,TTCTATGGTGTGGGCAGCGCCTCACAACCTCCGTCATGTGCTGTGACTGCTTGTCGATGGCCATGCCC
TP53,chr17,7675074,AAAGAG,-85,1,CTATGGTGGGGGCAGCGCCTCACAACCTCGTCATGTGCTGTGACTGCTTGTAGATGGCCATGGCGCGGACGCGGGTGCCGGGCGGGCCC
TP53,chr17,7675075,CAATGT,65,1,TGGTGGGGGCAGCGCCTCACAACCTCCGTCATGTGCTGTGACTGCTTGTAGATGACCATGGCGCG
TP53,chr17,7675075,AAAGAG,72,1,CTGTTGGTGGGGGCAGCGCCTCACAACCTCCGTCATGTGCTGCTGGACTGCTTGTAGATGGCCATGGCGCGGACGCGGTGCCGG
TP53,chr17,7675075,CAATGT,-65,1,TGGTGGGGGCAGCGCCTCACAACCTCCGTCATGTGCTGTGACTGCTTGTAGATGACCATGGCGCGCCC
TP53,chr17,7675075,AAAGAG,-72,1,CTGTTGGTGGGGGCAGCGCCTCACAACCTCCGTCATGTGCTGCTGGACTGCTTGTAGATGGCCATGGCGCGGACGCGGTGCCGGCCC
TP53,chr17,7675076,GAGTGA,69,1,GGTGGGGGCAGCGCCTCACAACCTCCGTCATGTGCTGTGACTGCTTGTAGATGGCCATGGCGCGGACGCAG
TP53,chr17,7675076,GAGTGA,77,1,GGTGGGGGCAGCGCCTCACAACCTCCGTCATGTGCTGTGAACTGCTTGTAGATGGCCATGGCCGGACGCGGGTG
TP53,chr17,7675076,GAGTGA,64,1,GGTGGGGGCAGCGCCCACAACCTCCGTCATGTGCTGTGACTGCTTGTAGATGGCCATGGCGCG
TP53,chr17,7675076,GAGTGA,84,1,GGTGGGGGCAGCGCCTCACAACCTCCGTCATGTGCGGTGACTGCTTGTAGATAGCCATGGCGCGGACGCGGGTGCCGGGCGGGG
TP53,chr17,7675076,AAAGAG,70,1,GTCAGGTGGGGGCAGCGCCTCACAACCTCCGTCATGTACTGTGACTGCTTGTAGATGGCCATGGCGCGGACGCG
TP53,chr17,7675076,AAAGAG,92,1,ATCAGGGTGGGGGCAGCGCCTCACAACCTCCGTCATGTGCTGTGACTGCTTGTTGATGGCCATGGCGCGGACGCGGATGCCGGGCGGGCGTGTGGAA
TP53,chr17,7675076,AAAGAG,69,1,CTATAGGTGGGGGCAGCGCCTCACAACCTCCGTCATGTGCTGTGACTGCTTGTAGATGGCCATGGCGCGGACG
TP53,chr17,7675076,GAGTGA,-69,1,GGTGGGGGCAGCGCCTCACAACCTCCGTCATGTGCTGTGACTGCTTGTAGATGGCCATGGCGCGGACGCAGCCC
TP53,chr17,7675076,GAGTGA,-77,1,GGTGGGGGCAGCGCCTCACAACCTCCGTCATGTGCTGTGAACTGCTTGTAGATGGCCATGGCCGGACGCGGGTGCCC
TP53,chr17,7675076,GAGTGA,-64,1,GGTGGGGGCAGCGCCCACAACCTCCGTCATGTGCTGTGACTGCTTGTAGATGGCCATGGCGCGCCC
TP53,chr17,7675076,GAGTGA,-84,1,GGTGGGGGCAGCGCCTCACAACCTCCGTCATGTGCGGTGACTGCTTGTAGATAGCCATGGCGCGGACGCGGGTGCCGGGCGGGGCCC
TP53,chr17,7675076,AAAGAG,-70,1,GTCAGGTGGGGGCAGCGCCTCACAACCTCCGTCATGTACTGTGACTGCTTGTAGATGGCCATGGCGCGGACGCGCCC
TP53,chr17,7675076,AAAGAG,-92,1,ATCAGGGTGGGGGCAGCGCCTCACAACCTCCGTCATGTGCTGTGACTGCTTGTTGATGGCCATGGCGCGGACGCGGATGCCGGGCGGGCGTGTGGAACCC
TP53,chr17,7675076,AAAGAG,-69,1,CTATAGGTGGGGGCAGCGCCTCACAACCTCCGTCATGTGCTGTGACTGCTTGTAGATGGCCATGGCGCGGACGCCC
TP53,chr17,7675077,AAAGAG,84,1,TTCATGTGGGGGCAGCGCCTCACAACCTCCGTCATTGCTGTGACTGCTTGTAGATGGCCATGGCGCGGACGCGGGTGCCGGGCGGGGG
TP53,chr17,7675077,AAAGAG,62,1,CTCATTAGTGGGGGCAGCGCCTCACAACCACCGTCATGTGCTGTGACTGCTTGTAGATGGCCATGG
TP53,chr17,7675077,AAAGAG,83,1,CTCAGGGTGTGGGGACAGCGCCTCACCACCTCCGTCATGTGCTGTGACTGCTTGTAGATGGCCATGGCGCGGACGCGGGTGCCGGGCGGGG
TP53,chr17,7675077,AAAGAG,-84,1,TTCATGTGGGGGCAGCGCCTCACAACCTCCGTCATTGCTGTGACTGCTTGTAGATGGCCATGGCGCGGACGCGGGTGCCGGGCGGGGGCCC
TP53,chr17,7675077,AAAGAG,-62,1,CTCATTAGTGGGGGCAGCGCCTCACAACCACCGTCATGTGCTGTGACTGCTTGTAGATGGCCATGGCCC
TP53,chr17,7675077,AAAGAG,-83,1,CTCAGGGTGTGGGGACAGCGCCTCACCACCTCCGTCATGTGCTGTGACTGCTTGTAGATGGCCATGGCGCGGACGCGGGTGCCGGGCGGGGCCC
TP53,chr17,7675078,CTGTTG,65,1,TGGGGGCAGCGCCTCACAACTTCCGTCATGTGCTGTGACTGCTTGTAGATGGCCATGGCGCGGAC
TP53,chr17,7675078,GTTCGG,89,1,TGGGGGCAGCGCCTCACAACCTCCGTCATGTCTGTGACTGCTTGTAGATGACCATGGCGCGGACGCGGGTACCGGGCGTGGGTGTGGA
TP53,chr17,7675078,AAAGAG,56,1,CTAATGGATGGGGGCAGCGCCTCACAACCTCCGTCATGTGCTGTGACTGATTGTAGATGGCCAT
TP53,chr17,7675078,CTGTTG,-65,1,TGGGGGCAGCGCCTCACAACTTCCGTCATGTGCTGTGACTGCTTGTAGATGGCCATGGCGCGGACCCC
TP53,chr17,7675078,GTTCGG,-89,1,TGGGGGCAGCGCCTCACAACCTCCGTCATGTCTGTGACTGCTTGTAGATGACCATGGCGCGGACGCGGGTACCGGGCGTGGGTGTGGACCC
TP53,chr17,7675078,AAAGAG,-56,1,CTAATGGATGGGGGCAGCGCCTCACAACCTCCGTCATGTGCTGTGACTGATTGTAGATGGCCATCCC
TP53,chr17,7675079,NATCTT,96,1,GGGGGCAGCGCCTCACAACCTCCGTCATGTGCTGTGACTGCTTGTAGATGGCCATGGCGCGGACGCGGGTGCCGGGCGGGGGTGTGCAATCAACC
TP53,chr17,7675079,NATCTT,95,1,GGGGGCAGCGGCCTCACAACCTCCGTCATGTGCTGAGACTGCTTGTAGATAGCCATGGCGCGGACGCGGGTGCCGGGCGGGGGTGTGGCATCAAC
TP53,chr17,7675079,NATCTT,86,1,GGGGGCAGCGCCTCACAACCTCCGTCATGTGCTGTGACTGCTTGTAGATGGCCATGGCGCGGACGCGGGTGCCGGGCGGGGGTGT
TP53,chr17,7675079,TGAGTA,78,1,GGGGGCAGCGCCTGACAACCTCCATCATGTGCTCTGACTGCTTGTAGATGGCCATGGCGCGGACGCGGGTGCCGGGCGAGGGT
TP53,chr17,7675079,NATCTT,-96,1,GGGGGCAGCGCCTCACAACCTCCGTCATGTGCTGTGACTGCTTGTAGATGGCCATGGCGCGGACGCGGGTGCCGGGCGGGGGTGTGCAATCAACCC
TP53,chr17,7675079,NATCTT,-95,1,GGGGGCAGCGGCCTCACAACCTCCGTCATGTGCTGAGACTGCTTGTAGATAGCCATGGCGCGGACGCGGGTGCCGGGCGGGGGTGTGGCATCAACC
TP53,chr17,7675079,NATCTT,-86,1,GGGGGCAGCGCCTCACAACCTCCGTCATGTGCTGTGACTGCTTGTAGATGGCCATGGCGCGGACGCGGGTGCCGGGCGGGGGTGTC
TP53,chr17,7675079,TGAGTA,-78,1,GGGGGCAGCGCCTGACAACCTCCATCATGTGCTCTGACTGCTTGTAGATGGCCATGGCGCGGACGCGGGTGCCGGGCGAGGGTCCC
TP53,chr17,7675080,CCTACG,85,1,GGGGCAGCGCCTCACAACCTCCGTCATGTGCTGTGACTGCTTGTAGATGGGCCATGGCGCGGACGCGGGTGCCGTGCGGGGGTGTG
TP53,chr17,7675080,AAAGAG,86,1,CTCATGTGGGGCCGCGCCTCACTACCTCCGTCATGTGCTGTGACTGCTTATAGATGGCCATGGCGCGGACGCGGGTGCCGGGCGGGGGTGTGG
TP53,chr17,7675080,AAAGAG,65,1,CTATGGTGTGGGGCAGCGCCTCACAACCTCCGCCCATGTGCTGTGACTGCTTGTAGATGGCCATGGCGCGGACG
TP53,chr17,7675080,CCTACG,-85,1,GGGGCAGCGCCTCACAACCTCCGTCATGTGCTGTGACTGCTTGTAGATGGGCCATGGCGCGGACGCGGGTGCCGTGCGGGGGTGTGCCC
TP53,chr17,7675080,AAAGAG,-86,1,CTCATGTGGGGCCGCGCCTCACTACCTCCGTCATGTGCTGTGACTGCTTATAGATGGCCATGGCGCGGACGCGGGTGCCGGGCGGGGGTGTGGCCC
TP53,chr17,7675080,AAAGAG,-65,1,CTATGGTGTGGGGCAGCGCCTCACAACCTCCGCCCATGTGCTGTGACTGCTTGTAGATGGCCATGGCGCGGACGCCC
TP53,chr17,7675082,ACAGGT,70,1,GGCAGCGCCTCACAACCTCCGTCATGTGCTGTGACTGCTTGTAGATGGCCATGGCGCGGACGCGGGTGCC
TP53,chr17,7675082,ACAGGT,63,1,GGCAGCGCCTCACAACCTCCGTCATGTGCTGTGACTGCTTGTAGATAGCCATGGCGCGGACGC
TP53,chr17,7675082,AAAGAG,57,1,CTCACGGCGCGGCAGCGTCTCACAACCTCCGTCATGTGCTGTGACTGCGTGTAGATGGCCATGG
TP53,chr17,7675082,ACAGGT,-70,1,GGCAGCGCCTCACAACCTCCGTCATGTGCTGTGACTGCTTGTAGATGGCCATGGCGCGGACGCGGGTGCC
TP53,chr17,7675082,ACAGGT,-63,1,GGCAGCGCCTCACAACCTCCGTCATGTGCTGTGACTGCTTGTAGATAGCCATGGCGCGGACGC
TP53,chr17,7675082,AAAGAG,-57,1,CTCACGGCGCGGCAGCGTCTCACAACCTCCGTCATGTGCTGTGACTGCGTGTAGATGGCCATGGCCC
TP53,chr17,7675083,GCGCTA,94,1,GCAGCGCCCCACAACCTCCGTCATGTGCTGTGACTGCTTGTAGATGGCCATGGCGCGGACGCGGGTGCCGGGCGGGGGTGTGGACTCAACCCAC
TP53,chr17,7675083,NTTCGC,59,1,GCAGCGCCTCACAACCTCCGTCATGTGTTGTGACTGCTTGTAGATGGCCATGGCGCGG
TP53,chr17,7675083,GAGAAC,85,1,GCAGCGCCTCACGACCTCCGTCATGTGCTGTGACTGCTTGTAGATGGCCATGGCGCGGAAGCGGGTGCCGGGCGGGGGTGTGGAA
TP53,chr17,7675083,GCGCTA,-94,1,GCAGCGCCCCACAACCTCCGTCATGTGCTGTGACTGCTTGTAGATGGCCATGGCGCGGACGCGGGTGCCGGGCGGGGGTGTGGACTCAACCCAC
TP53,chr17,7675083,NTTCGC,-59,1,GCAGCGCCTCACAACCTCCGTCATGTGTTGTGACTGCTTGTAGATGGCCATGGCGCGGC
TP53,chr17,7675083,GAGAAC,-85,1,GCAGCGCCTCACGACCTCCGTCATGTGCTGTGACTGCTTGTAGATGGCCATGGCGCGGAAGCGGGTGCCGGGCGGGGGTGTGGAA
