HLA-A	2	HLA-A*23:144	3.232759	1	HLA-A*01:01:01	1.795964	0	
HLA-B	2	HLA-B*15:16:01	0.848394	0	HLA-B*35:03:01	0.606954	0	HLA-B*58:01:01,HLA-B*58:01:17,HLA-B*58:01:18,HLA-B*58:01:19,HLA-B*58:01:23,HLA-B*58:01:26,HLA-B*58:01:27,HLA-B*58:01:28,HLA-B*58:01:29,HLA-B*58:01:30,HLA-B*58:01:31,HLA-B*58:01:32,HLA-B*58:01:33,HLA-B*58:01:36,HLA-B*58:01:39,HLA-B*58:01:40,HLA-B*58:01:42,HLA-B*58:01:44,HLA-B*58:01:51,HLA-B*58:01:52,HLA-B*58:02:01,HLA-B*58:02:02,HLA-B*58:07,HLA-B*58:19,HLA-B*58:26,HLA-B*58:76,HLA-B*58:84,HLA-B*58:93N,HLA-B*58:94N,HLA-B*58:95,HLA-B*58:98,HLA-B*58:99,HLA-B*58:101,HLA-B*58:102,HLA-B*58:104,HLA-B*58:108,HLA-B*58:109,HLA-B*58:112,HLA-B*58:114,HLA-B*58:116,HLA-B*58:119,HLA-B*58:120,HLA-B*58:121,HLA-B*58:122,HLA-B*58:123,HLA-B*58:124,HLA-B*58:126,HLA-B*58:127,HLA-B*58:131:01,HLA-B*58:131:02,HLA-B*58:132,HLA-B*58:134,HLA-B*58:135,HLA-B*58:136,HLA-B*58:142,HLA-B*58:147,HLA-B*58:153,HLA-B*58:155Q,HLA-B*58:157,HLA-B*58:158,HLA-B*58:160,HLA-B*58:161,HLA-B*58:163,HLA-B*58:164,HLA-B*58:165,HLA-B*58:168,HLA-B*58:01:50;1.933548;0
HLA-C	1	HLA-C*07:18:01	31.389489	21	.	0	-1	
HLA-E	2	HLA-E*01:01:01	45.486891	31	HLA-E*01:03:02	23.990014	14	
HLA-F	2	HLA-F*01:03:01	54.941965	37	HLA-F*01:01:01	45.945504	30	
HLA-G	2	HLA-G*01:01:01	53.265396	35	HLA-G*01:04:04	44.939950	29	
HLA-H	1	HLA-H*01:01:01	48.720721	33	.	0	-1	
HLA-J	1	HLA-J*01:01:01	92.302222	60	.	0	-1	
HLA-K	1	HLA-K*01:02	41.963016	29	.	0	-1	
HLA-L	2	HLA-L*01:01:01	45.050234	31	HLA-L*01:02	38.571232	26	
HLA-N	1	HLA-N*01:01:01	55.555556	49	.	0	-1	
HLA-P	2	HLA-P*02:01:01	52.794084	39	HLA-P*01:01:01	22.122906	14	
HLA-R	0	.	0	-1	.	0	-1	
HLA-S	2	HLA-S*01:02:01	69.615238	53	HLA-S*01:01:01	34.973370	23	
HLA-T	1	HLA-T*01:01:01	45.129870	37	.	0	-1	
HLA-U	1	HLA-U*01:03	40.540541	35	.	0	-1	
HLA-V	1	HLA-V*01:01:01	83.855571	60	.	0	-1	
HLA-W	2	HLA-W*01:01:01	47.177759	34	HLA-W*03:01:01	44.634908	32	
HLA-Y	0	.	0	-1	.	0	-1	
HLA-DRA	1	HLA-DRA*01:01:01	93.609407	60	.	0	-1	
HLA-DRB1	2	HLA-DRB1*13:03:01	17.957124	13	HLA-DRB1*13:01:01	6.755661	4	
HLA-DRB3	1	HLA-DRB3*02:02:01	39.334242	31	.	0	-1	
HLA-DRB4	1	HLA-DRB4*01:01:01,HLA-DRB4*01:02:01,HLA-DRB4*01:03:01,HLA-DRB4*01:03:02,HLA-DRB4*01:03:03,HLA-DRB4*01:03:38,HLA-DRB4*01:03:40,HLA-DRB4*01:03:42,HLA-DRB4*01:03:43,HLA-DRB4*01:03:44,HLA-DRB4*01:03:45,HLA-DRB4*01:03:46,HLA-DRB4*01:03:47,HLA-DRB4*01:03:49,HLA-DRB4*01:152,HLA-DRB4*01:186,HLA-DRB4*01:188,HLA-DRB4*01:190:01,HLA-DRB4*01:193:01,HLA-DRB4*01:197,HLA-DRB4*01:198,HLA-DRB4*01:199N,HLA-DRB4*01:200,HLA-DRB4*01:205,HLA-DRB4*01:206,HLA-DRB4*01:207,HLA-DRB4*01:208,HLA-DRB4*01:209,HLA-DRB4*01:210,HLA-DRB4*01:211,HLA-DRB4*01:213:01,HLA-DRB4*01:03:35,HLA-DRB4*01:183,HLA-DRB4*01:191,HLA-DRB4*01:138,HLA-DRB4*01:155,HLA-DRB4*01:03:37,HLA-DRB4*01:03:39,HLA-DRB4*01:01:13,HLA-DRB4*01:182,HLA-DRB4*01:119,HLA-DRB4*01:03:23,HLA-DRB4*01:173,HLA-DRB4*01:01:11,HLA-DRB4*01:01:14,HLA-DRB4*01:03:33,HLA-DRB4*01:03:20,HLA-DRB4*01:03:50,HLA-DRB4*01:72:02,HLA-DRB4*01:195,HLA-DRB4*01:03:48,HLA-DRB4*01:03:36,HLA-DRB4*01:151	1.290323	0	.	0	-1	
HLA-DRB5	0	.	0	-1	.	0	-1	
HLA-DQA1	2	HLA-DQA1*02:01:01,HLA-DQA1*02:02N,HLA-DQA1*02:20	14.509747	8	HLA-DQA1*03:03:01,HLA-DQA1*03:03:08,HLA-DQA1*03:14,HLA-DQA1*03:89	14.419570	7	
HLA-DQA2	2	HLA-DQA2*01:01:01	47.071441	33	HLA-DQA2*01:01:04	41.516724	28	
HLA-DQB1	2	HLA-DQB1*03:03:02	26.329664	18	HLA-DQB1*02:02:01,HLA-DQB1*02:02:04,HLA-DQB1*02:02:15,HLA-DQB1*02:02:16,HLA-DQB1*02:02:27,HLA-DQB1*02:02:37,HLA-DQB1*02:12,HLA-DQB1*02:20:01,HLA-DQB1*02:234,HLA-DQB1*02:277	23.308890	15	
HLA-DQB2	2	HLA-DQB2*01:02:02	36.557176	25	HLA-DQB2*01:01:01	25.143804	16	HLA-DQB2*01:07:01;18.759185;11
HLA-DPA1	2	HLA-DPA1*02:01:01	49.915246	36	HLA-DPA1*01:03:01	46.657195	34	
HLA-DPA2	1	HLA-DPA2*01:01:01	98.054053	60	.	0	-1	
HLA-DPB1	2	HLA-DPB1*17:01:01	37.991001	27	HLA-DPB1*04:01:01	29.520921	20	
HLA-DPB2	2	HLA-DPB2*03:02	41.181664	29	HLA-DPB2*01:01:01	18.225378	11	HLA-DPB2*01:01:02;11.329634;6
HLA-DMA	1	HLA-DMA*01:01:01	79.826087	60	.	0	-1	
HLA-DMB	1	HLA-DMB*01:01:01	79.558885	60	.	0	-1	
HLA-DOA	2	HLA-DOA*01:01:02	53.052771	40	HLA-DOA*01:01:04	38.848645	27	
HLA-DOB	2	HLA-DOB*01:04:03	52.648430	39	HLA-DOB*01:02:01	39.532790	28	
HLA-HFE	0	.	0	-1	.	0	-1	
MICA	2	MICA*002:01:03	57.522692	39	MICA*015:01:01	43.406776	28	
MICB	2	MICB*005:02:01	50.211564	34	MICB*005:02:37	27.593745	16	
TAP1	2	TAP1*02:01:01	48.594619	35	TAP1*01:01:01	27.247458	18	TAP1*01:05;13.820482;8
TAP2	2	TAP2*01:01:05	52.031363	39	TAP2*02:01:03	38.074361	27	
