final_bin	group	origin_binner	raw_bin_matched	completeness_pct	contamination_pct	quality_tier_MIMAG	genome_size_bp	n50_bp	gc_pct	num_contigs	gtdb_classification
MEGAHIT-MaxBin2Refined-group-AL.002.fa	AL	MaxBin2	MEGAHIT-MaxBin2-group-AL.002.fa	80.78	0.78	Medium	2371549	83986	55.36	54	d__Bacteria;p__Bacteroidota;c__Bacteroidia;o__Bacteroidales;f__Muribaculaceae;g__Paramuribaculum;s__Paramuribaculum sp910579675
MEGAHIT-MaxBin2Refined-group-AL.006.fa	AL	MaxBin2	MEGAHIT-MaxBin2-group-AL.006.fa	94.71	1.53	High	4177032	44902	54.45	191	d__Bacteria;p__Bacillota;c__Clostridia;o__Lachnospirales;f__Lachnospiraceae;g__Acetatifactor;s__Acetatifactor sp910585665
MEGAHIT-MaxBin2Refined-group-AL.008_sub.fa	AL	MaxBin2	MEGAHIT-MaxBin2-group-AL.008.fa	57.47	0.6	Medium	2528884	7316	56.93	506	
MEGAHIT-MaxBin2Refined-group-AL.011_sub.fa	AL	MaxBin2	MEGAHIT-MaxBin2-group-AL.011.fa	76.51	10.11	Low	3335955	18525	59.62	400	d__Bacteria;p__Bacillota;c__Clostridia;o__Oscillospirales;f__Oscillospiraceae;g__Lawsonibacter;s__
MEGAHIT-MaxBin2Refined-group-AL.021.fa	AL	MaxBin2	MEGAHIT-MaxBin2-group-AL.021.fa	84.98	0.0	Medium	2386016	84868	58.73	65	d__Bacteria;p__Bacillota;c__Clostridia;o__Oscillospirales;f__Acutalibacteraceae;g__Acutalibacter;s__Acutalibacter sp910587995
MEGAHIT-MaxBin2Refined-group-AL.025.fa	AL	MaxBin2	MEGAHIT-MaxBin2-group-AL.025.fa	73.74	4.4	Medium	2238930	14698	63.27	300	d__Bacteria;p__Bacillota;c__Clostridia;o__Oscillospirales;f__Oscillospiraceae;g__Oscillibacter;s__Oscillibacter sp910583785
MEGAHIT-MaxBin2Refined-group-AL.036.fa	AL	MaxBin2	MEGAHIT-MaxBin2-group-AL.036.fa	91.42	3.03	High	3003075	24312	46.75	252	d__Bacteria;p__Bacillota;c__Clostridia;o__Lachnospirales;f__Lachnospiraceae;g__Choladousia;s__Choladousia sp003612585
MEGAHIT-MaxBin2Refined-group-AL.040.fa	AL	MaxBin2	MEGAHIT-MaxBin2-group-AL.040.fa	94.71	0.0	High	2740351	43116	52.61	121	d__Bacteria;p__Bacillota;c__Clostridia;o__Lachnospirales;f__Lachnospiraceae;g__RGIG7193;s__RGIG7193 sp910586125
MEGAHIT-MaxBin2Refined-group-AL.048_sub.fa	AL	MaxBin2	MEGAHIT-MaxBin2-group-AL.048.fa	92.92	49.94	Low	7579454	10161	51.26	1164	
MEGAHIT-MaxBin2Refined-group-AL.049.fa	AL	MaxBin2	MEGAHIT-MaxBin2-group-AL.049.fa	91.24	3.37	High	1596221	11007	49.47	253	d__Bacteria;p__Bacillota;c__Clostridia;o__Christensenellales;f__Borkfalkiaceae;g__Coproplasma;s__Coproplasma sp013316055
MEGAHIT-MaxBin2Refined-group-AL.052.fa	AL	MaxBin2	MEGAHIT-MaxBin2-group-AL.052.fa	90.12	1.24	High	2124438	23571	60.34	199	d__Bacteria;p__Bacillota;c__Clostridia;o__Oscillospirales;f__Oscillospiraceae;g__Evtepia;s__Evtepia sp022792035
MEGAHIT-MaxBin2Refined-group-AL.055.fa	AL	MaxBin2	MEGAHIT-MaxBin2-group-AL.055.fa	93.82	3.21	High	2173328	6697	38.49	541	d__Bacteria;p__Bacillota;c__Clostridia;o__Oscillospirales;f__Acutalibacteraceae;g__Eubacterium_R;s__Eubacterium_R sp910577215
MEGAHIT-MaxBin2Refined-group-AL.056_sub.fa	AL	MaxBin2	MEGAHIT-MaxBin2-group-AL.056.fa	94.92	2.6	High	2903992	16810	54.88	361	d__Bacteria;p__Bacteroidota;c__Bacteroidia;o__Bacteroidales;f__Muribaculaceae;g__Duncaniella;s__Duncaniella sp910576785
MEGAHIT-MaxBin2Refined-group-AL.097_sub.fa	AL	MaxBin2	MEGAHIT-MaxBin2-group-AL.097.fa	83.02	16.18	Low	3474267	3161	52.48	1353	
MEGAHIT-MaxBin2Refined-group-AL.102_sub.fa	AL	MaxBin2	MEGAHIT-MaxBin2-group-AL.102.fa	81.46	14.03	Low	3416408	8582	50.92	744	d__Bacteria;p__Bacillota;c__Clostridia;o__Lachnospirales;f__Lachnospiraceae;g__UBA3282;s__UBA3282 sp910575775
MEGAHIT-MaxBin2Refined-group-AL.112_sub.fa	AL	MaxBin2	MEGAHIT-MaxBin2-group-AL.112.fa	94.08	7.14	Medium	4060154	64671	45.74	157	d__Bacteria;p__Bacillota;c__Clostridia;o__Lachnospirales;f__Lachnospiraceae;g__Petralouisia;s__Petralouisia sp011960065
MEGAHIT-MaxBin2Refined-group-AL.114_sub.fa	AL	MaxBin2	MEGAHIT-MaxBin2-group-AL.114.fa	86.94	22.9	Low	7006503	16600	49.25	845	
MEGAHIT-MaxBin2Refined-group-AL.121.fa	AL	MaxBin2	MEGAHIT-MaxBin2-group-AL.121.fa	91.16	4.62	High	4162796	42293	51.89	171	d__Bacteria;p__Bacillota;c__Clostridia;o__Lachnospirales;f__Lachnospiraceae;g__COE1;s__COE1 sp910585765
MEGAHIT-MaxBin2Refined-group-AL.135.fa	AL	MaxBin2	MEGAHIT-MaxBin2-group-AL.135.fa	87.02	0.0	Medium	2548487	71825	55.6	64	d__Bacteria;p__Bacillota;c__Clostridia;o__Oscillospirales;f__Acutalibacteraceae;g__Acutalibacter;s__Acutalibacter sp009917525
MEGAHIT-MaxBin2Refined-group-IF.001.fa	IF	MaxBin2	MEGAHIT-MaxBin2-group-IF.001.fa	99.6	1.71	High	2005445	35128	42.88	85	d__Bacteria;p__Bacillota;c__Bacilli;o__Erysipelotrichales;f__Erysipelotrichaceae;g__Dubosiella;s__Dubosiella newyorkensis
MEGAHIT-MaxBin2Refined-group-IF.011_sub.fa	IF	MaxBin2	MEGAHIT-MaxBin2-group-IF.011.fa	92.74	11.11	Low	5092935	18839	55.51	479	d__Bacteria;p__Bacillota;c__Clostridia;o__Lachnospirales;f__Lachnospiraceae;g__Acetatifactor;s__Acetatifactor sp910585615
MEGAHIT-MaxBin2Refined-group-IF.025_sub.fa	IF	MaxBin2	MEGAHIT-MaxBin2-group-IF.025.fa	100.0	6.94	Medium	2283543	51594	51.82	101	d__Bacteria;p__Bacillota;c__Clostridia;o__Oscillospirales;f__Oscillospiraceae;g__Faecousia;s__Faecousia sp910589155
MEGAHIT-MaxBin2Refined-group-IF.037_sub.fa	IF	MaxBin2	MEGAHIT-MaxBin2-group-IF.037.fa	92.2	10.21	Low	3830156	21204	50.01	395	
MEGAHIT-MaxBin2Refined-group-IF.038.fa	IF	MaxBin2	MEGAHIT-MaxBin2-group-IF.038.fa	81.01	4.23	Medium	2604012	14498	62.36	326	d__Bacteria;p__Bacillota;c__Clostridia;o__Oscillospirales;f__Oscillospiraceae;g__Oscillibacter;s__Oscillibacter sp910583785
MEGAHIT-MaxBin2Refined-group-IF.044_sub.fa	IF	MaxBin2	MEGAHIT-MaxBin2-group-IF.044.fa	91.03	1.97	High	1580187	4103	39.71	503	d__Bacteria;p__Bacillota;c__Clostridia;o__Oscillospirales;f__Acutalibacteraceae;g__Eubacterium_R;s__Eubacterium_R sp910577215
MEGAHIT-MaxBin2Refined-group-IF.054.fa	IF	MaxBin2	MEGAHIT-MaxBin2-group-IF.054.fa	97.28	3.07	High	1764285	7504	34.65	365	d__Bacteria;p__Bacillota;c__Bacilli;o__Lactobacillales;f__Lactobacillaceae;g__Lactobacillus;s__Lactobacillus sp910589675
MEGAHIT-MaxBin2Refined-group-IF.057_sub.fa	IF	MaxBin2	MEGAHIT-MaxBin2-group-IF.057.fa	81.99	12.75	Low	3566798	5599	50.93	911	d__Bacteria;p__Bacillota;c__Clostridia;o__Lachnospirales;f__Lachnospiraceae;g__Hominiventricola;s__Hominiventricola sp009774145
MEGAHIT-MaxBin2Refined-group-IF.058.fa	IF	MaxBin2	MEGAHIT-MaxBin2-group-IF.058.fa	87.2	2.5	Medium	2713082	93032	54.35	43	d__Bacteria;p__Bacteroidota;c__Bacteroidia;o__Bacteroidales;f__Muribaculaceae;g__Duncaniella;s__Duncaniella sp910576785
MEGAHIT-MaxBin2Refined-group-IF.066_sub.fa	IF	MaxBin2	MEGAHIT-MaxBin2-group-IF.066.fa	65.14	2.51	Medium	1778386	2785	57.17	716	d__Bacteria;p__Bacillota;c__Clostridia;o__Oscillospirales;f__Butyricicoccaceae;g__Pseudobutyricicoccus;s__Pseudobutyricicoccus sp910579575
MEGAHIT-MaxBin2Refined-group-IF.113.fa	IF	MaxBin2	MEGAHIT-MaxBin2-group-IF.113.fa	95.07	1.3	High	2809747	16980	60.43	275	d__Bacteria;p__Bacillota;c__Clostridia;o__Oscillospirales;f__Oscillospiraceae;g__Pelethomonas;s__Pelethomonas sp014237695
MEGAHIT-MaxBin2Refined-group-IF.115_sub.fa	IF	MaxBin2	MEGAHIT-MaxBin2-group-IF.115.fa	82.24	4.91	Medium	2511032	33037	64.2	132	d__Bacteria;p__Bacillota;c__Clostridia;o__Oscillospirales;f__Oscillospiraceae;g__Pelethomonas;s__Pelethomonas sp910577915
MEGAHIT-MaxBin2Refined-group-IF.122.fa	IF	MaxBin2	MEGAHIT-MaxBin2-group-IF.122.fa	84.79	0.07	Medium	2703643	41661	56.05	135	d__Bacteria;p__Bacillota;c__Clostridia;o__Oscillospirales;f__Acutalibacteraceae;g__Acutalibacter;s__Acutalibacter sp009917525
MEGAHIT-MaxBin2Refined-group-IF.130.fa	IF	MaxBin2	MEGAHIT-MaxBin2-group-IF.130.fa	89.4	0.6	Medium	2102484	6482	56.68	479	d__Bacteria;p__Bacillota;c__Clostridia;o__Oscillospirales;f__Ruminococcaceae;g__Anaerotruncus;s__Anaerotruncus colihominis_A
MEGAHIT-MaxBin2Refined-group-IF.132_sub.fa	IF	MaxBin2	MEGAHIT-MaxBin2-group-IF.132.fa	77.53	0.92	Medium	1110681	2879	40.85	452	d__Bacteria;p__Bacillota;c__Clostridia;o__Oscillospirales;f__Acutalibacteraceae;g__Eubacterium_R;s__Eubacterium_R sp009774735
MEGAHIT-MetaBAT2Refined-group-AL.10.fa	AL	MetaBAT2	MEGAHIT-MetaBAT2-group-AL.10.fa	89.47	1.13	Medium	1758728	34509	56.77	81	d__Bacteria;p__Bacillota;c__Clostridia;o__Oscillospirales;f__Oscillospiraceae;g__HGM13010;s__HGM13010 sp022800755
MEGAHIT-MetaBAT2Refined-group-AL.103.fa	AL	MetaBAT2	MEGAHIT-MetaBAT2-group-AL.103.fa	97.29	3.17	High	3994845	105704	51.58	61	d__Bacteria;p__Bacillota;c__Clostridia;o__Lachnospirales;f__Lachnospiraceae;g__Acetatifactor;s__Acetatifactor sp003612485
MEGAHIT-MetaBAT2Refined-group-AL.117_sub.fa	AL	MetaBAT2	MEGAHIT-MetaBAT2-group-AL.117.fa	80.03	3.53	Medium	3530006	7399	47.0	677	d__Bacteria;p__Bacillota;c__Clostridia;o__Lachnospirales;f__Lachnospiraceae;g__Petralouisia;s__
MEGAHIT-MetaBAT2Refined-group-AL.123.fa	AL	MetaBAT2	MEGAHIT-MetaBAT2-group-AL.123.fa	96.88	0.0	High	2327725	49772	52.64	79	d__Bacteria;p__Bacteroidota;c__Bacteroidia;o__Bacteroidales;f__Muribaculaceae;g__Paramuribaculum;s__Paramuribaculum sp910588065
MEGAHIT-MetaBAT2Refined-group-AL.125_sub.fa	AL	MetaBAT2	MEGAHIT-MetaBAT2-group-AL.125.fa	93.28	3.45	High	2447122	19053	63.32	205	d__Bacteria;p__Bacillota;c__Clostridia;o__Oscillospirales;f__Oscillospiraceae;g__Pelethomonas;s__Pelethomonas sp910579965
MEGAHIT-MetaBAT2Refined-group-AL.134.fa	AL	MetaBAT2	MEGAHIT-MetaBAT2-group-AL.134.fa	92.53	3.4	High	2895437	61952	47.08	79	d__Bacteria;p__Bacillota;c__Clostridia;o__Lachnospirales;f__Lachnospiraceae;g__Claveliimonas;s__Claveliimonas sp910588745
MEGAHIT-MetaBAT2Refined-group-AL.136_sub.fa	AL	MetaBAT2	MEGAHIT-MetaBAT2-group-AL.136.fa	94.11	6.18	Medium	2408505	14415	60.24	295	d__Bacteria;p__Bacillota;c__Clostridia;o__Oscillospirales;f__Ruminococcaceae;g__Angelakisella;s__Angelakisella sp013316495
MEGAHIT-MetaBAT2Refined-group-AL.142.fa	AL	MetaBAT2	MEGAHIT-MetaBAT2-group-AL.142.fa	96.22	5.62	Medium	3674152	28801	47.8	203	
MEGAHIT-MetaBAT2Refined-group-AL.155.fa	AL	MetaBAT2	MEGAHIT-MetaBAT2-group-AL.155.fa	97.17	0.03	High	1952526	220340	58.91	13	d__Bacteria;p__Actinomycetota;c__Coriobacteriia;o__Coriobacteriales;f__Atopobiaceae;g__Leptogranulimonas;s__Leptogranulimonas caecicola
MEGAHIT-MetaBAT2Refined-group-AL.167.fa	AL	MetaBAT2	MEGAHIT-MetaBAT2-group-AL.167.fa	9.36	1.58	Low	236166	31473	62.2	10	
MEGAHIT-MetaBAT2Refined-group-AL.169.fa	AL	MetaBAT2	MEGAHIT-MetaBAT2-group-AL.169.fa	77.98	5.34	Medium	2118699	4887	63.57	518	d__Bacteria;p__Bacillota;c__Clostridia;o__Oscillospirales;f__Ruminococcaceae;g__Angelakisella;s__Angelakisella sp910585525
MEGAHIT-MetaBAT2Refined-group-AL.173.fa	AL	MetaBAT2	MEGAHIT-MetaBAT2-group-AL.173.fa	94.69	9.66	Medium	3260787	31848	61.66	161	d__Bacteria;p__Bacillota;c__Clostridia;o__Oscillospirales;f__Oscillospiraceae;g__Pelethomonas;s__Pelethomonas sp910587785
MEGAHIT-MetaBAT2Refined-group-AL.176.fa	AL	MetaBAT2	MEGAHIT-MetaBAT2-group-AL.176.fa	100.0	5.18	Medium	2828783	121970	55.78	47	d__Bacteria;p__Verrucomicrobiota;c__Verrucomicrobiia;o__Verrucomicrobiales;f__Akkermansiaceae;g__Akkermansia;s__Akkermansia muciniphila
MEGAHIT-MetaBAT2Refined-group-AL.24.fa	AL	MetaBAT2	MEGAHIT-MetaBAT2-group-AL.24.fa	94.09	0.11	High	3261652	44332	52.61	135	d__Bacteria;p__Bacillota;c__Clostridia;o__Lachnospirales;f__Lachnospiraceae;g__Acetatifactor;s__Acetatifactor sp910587755
MEGAHIT-MetaBAT2Refined-group-AL.29.fa	AL	MetaBAT2	MEGAHIT-MetaBAT2-group-AL.29.fa	83.19	1.41	Medium	2491385	45968	58.33	82	d__Bacteria;p__Bacillota;c__Clostridia;o__Oscillospirales;f__Acutalibacteraceae;g__Acutalibacter;s__Acutalibacter sp910580045
MEGAHIT-MetaBAT2Refined-group-AL.43.fa	AL	MetaBAT2	MEGAHIT-MetaBAT2-group-AL.43.fa	99.99	0.04	High	1864214	68411	34.35	54	d__Bacteria;p__Bacillota;c__Bacilli;o__Lactobacillales;f__Lactobacillaceae;g__Lactobacillus;s__Lactobacillus sp910589675
MEGAHIT-MetaBAT2Refined-group-AL.44_sub.fa	AL	MetaBAT2	MEGAHIT-MetaBAT2-group-AL.44.fa	72.91	0.29	Medium	2283287	14322	59.25	247	d__Bacteria;p__Bacillota;c__Clostridia;o__Oscillospirales;f__Oscillospiraceae;g__Lawsonibacter;s__Lawsonibacter sp022793355
MEGAHIT-MetaBAT2Refined-group-AL.47.fa	AL	MetaBAT2	MEGAHIT-MetaBAT2-group-AL.47.fa	84.79	0.03	Medium	2633640	98110	43.04	45	d__Bacteria;p__Bacillota;c__Clostridia;o__Lachnospirales;f__Lachnospiraceae;g__Roseburia_B;s__Roseburia_B sp910589105
MEGAHIT-MetaBAT2Refined-group-AL.54_sub.fa	AL	MetaBAT2	MEGAHIT-MetaBAT2-group-AL.54.fa	96.08	0.33	High	2204627	37142	54.87	82	d__Bacteria;p__Bacillota;c__Bacilli;o__Erysipelotrichales;f__Erysipelotrichaceae;g__Faecalibaculum;s__Faecalibaculum rodentium
MEGAHIT-MetaBAT2Refined-group-AL.57.fa	AL	MetaBAT2	MEGAHIT-MetaBAT2-group-AL.57.fa	95.13	0.19	High	2521469	43096	55.46	99	d__Bacteria;p__Bacillota;c__Clostridia;o__Oscillospirales;f__Ruminococcaceae;g__Anaerotruncus;s__Anaerotruncus sp000403395
MEGAHIT-MetaBAT2Refined-group-AL.58_sub.fa	AL	MetaBAT2	MEGAHIT-MetaBAT2-group-AL.58.fa	82.21	2.44	Medium	2170496	5800	62.41	463	d__Bacteria;p__Actinomycetota;c__Coriobacteriia;o__Coriobacteriales;f__Eggerthellaceae;g__Parvibacter;s__Parvibacter sp910588725
MEGAHIT-MetaBAT2Refined-group-AL.75.fa	AL	MetaBAT2	MEGAHIT-MetaBAT2-group-AL.75.fa	98.68	0.7	High	2918027	126420	53.49	38	d__Bacteria;p__Bacteroidota;c__Bacteroidia;o__Bacteroidales;f__Muribaculaceae;g__Duncaniella;s__Duncaniella sp910589485
MEGAHIT-MetaBAT2Refined-group-AL.8.fa	AL	MetaBAT2	MEGAHIT-MetaBAT2-group-AL.8.fa	84.11	0.26	Medium	2314569	6791	56.26	443	d__Bacteria;p__Bacillota;c__Clostridia;o__Oscillospirales;f__Ruminococcaceae;g__Faecivivens;s__Faecivivens sp022793675
MEGAHIT-MetaBAT2Refined-group-AL.81_sub.fa	AL	MetaBAT2	MEGAHIT-MetaBAT2-group-AL.81.fa	90.84	2.18	High	3736536	20929	47.98	333	d__Bacteria;p__Bacillota;c__Clostridia;o__Lachnospirales;f__Lachnospiraceae;g__Suilimivivens;s__Suilimivivens sp009917455
MEGAHIT-MetaBAT2Refined-group-AL.85_sub.fa	AL	MetaBAT2	MEGAHIT-MetaBAT2-group-AL.85.fa	76.58	0.68	Medium	1463040	8965	48.4	245	d__Bacteria;p__Bacillota;c__Clostridia;o__Oscillospirales;f__CAG-272;g__Avispirillum;s__Avispirillum sp011957885
MEGAHIT-MetaBAT2Refined-group-AL.93.fa	AL	MetaBAT2	MEGAHIT-MetaBAT2-group-AL.93.fa	99.08	0.35	High	1995386	72553	52.08	47	d__Bacteria;p__Bacillota;c__Clostridia;o__Oscillospirales;f__Oscillospiraceae;g__Faecousia;s__Faecousia sp910589155
MEGAHIT-MetaBAT2Refined-group-AL.95.fa	AL	MetaBAT2	MEGAHIT-MetaBAT2-group-AL.95.fa	97.05	0.01	High	2407616	48946	56.13	93	d__Bacteria;p__Bacteroidota;c__Bacteroidia;o__Bacteroidales;f__Muribaculaceae;g__CAG-873;s__CAG-873 sp910577315
MEGAHIT-MetaBAT2Refined-group-IF.100_sub.fa	IF	MetaBAT2	MEGAHIT-MetaBAT2-group-IF.100.fa	69.59	3.84	Medium	2419039	22845	61.05	184	d__Bacteria;p__Bacillota;c__Clostridia;o__Oscillospirales;f__Oscillospiraceae;g__Lawsonibacter;s__Lawsonibacter sp910584605
MEGAHIT-MetaBAT2Refined-group-IF.107.fa	IF	MetaBAT2	MEGAHIT-MetaBAT2-group-IF.107.fa	97.36	6.63	Medium	4181949	34728	51.86	197	d__Bacteria;p__Bacillota;c__Clostridia;o__Lachnospirales;f__Lachnospiraceae;g__COE1;s__COE1 sp910585765
MEGAHIT-MetaBAT2Refined-group-IF.129.fa	IF	MetaBAT2	MEGAHIT-MetaBAT2-group-IF.129.fa	86.45	0.45	Medium	3029520	41529	47.05	136	d__Bacteria;p__Bacillota;c__Clostridia;o__Lachnospirales;f__Lachnospiraceae;g__Claveliimonas;s__Claveliimonas sp910588745
MEGAHIT-MetaBAT2Refined-group-IF.13.fa	IF	MetaBAT2	MEGAHIT-MetaBAT2-group-IF.13.fa	97.93	1.79	High	3631342	112261	52.1	55	d__Bacteria;p__Bacillota;c__Clostridia;o__Lachnospirales;f__Lachnospiraceae;g__Acetatifactor;s__Acetatifactor sp003612485
MEGAHIT-MetaBAT2Refined-group-IF.131.fa	IF	MetaBAT2	MEGAHIT-MetaBAT2-group-IF.131.fa	87.7	3.75	Medium	3339599	9907	48.9	473	d__Bacteria;p__Bacillota;c__Clostridia;o__Lachnospirales;f__Lachnospiraceae;g__1XD8-76;s__1XD8-76 sp022799355
MEGAHIT-MetaBAT2Refined-group-IF.147.fa	IF	MetaBAT2	MEGAHIT-MetaBAT2-group-IF.147.fa	81.36	4.77	Medium	2239436	85099	56.14	42	d__Bacteria;p__Bacteroidota;c__Bacteroidia;o__Bacteroidales;f__Muribaculaceae;g__Paramuribaculum;s__Paramuribaculum sp910579675
MEGAHIT-MetaBAT2Refined-group-IF.14_sub.fa	IF	MetaBAT2	MEGAHIT-MetaBAT2-group-IF.14.fa	57.07	1.62	Medium	1892717	3591	59.78	569	
MEGAHIT-MetaBAT2Refined-group-IF.151.fa	IF	MetaBAT2	MEGAHIT-MetaBAT2-group-IF.151.fa	74.54	1.79	Medium	1659853	98248	58.44	35	d__Bacteria;p__Bacillota;c__Clostridia;o__Oscillospirales;f__Oscillospiraceae;g__Vermiculatibacterium;s__Vermiculatibacterium sp910587345
MEGAHIT-MetaBAT2Refined-group-IF.162_sub.fa	IF	MetaBAT2	MEGAHIT-MetaBAT2-group-IF.162.fa	95.25	0.02	High	3594373	34614	53.03	203	d__Bacteria;p__Bacillota;c__Clostridia;o__Lachnospirales;f__Lachnospiraceae;g__Acetatifactor;s__Acetatifactor sp011959105
MEGAHIT-MetaBAT2Refined-group-IF.168.fa	IF	MetaBAT2	MEGAHIT-MetaBAT2-group-IF.168.fa	93.28	0.54	High	2542967	64216	62.0	60	d__Bacteria;p__Actinomycetota;c__Coriobacteriia;o__Coriobacteriales;f__Eggerthellaceae;g__Parvibacter;s__Parvibacter sp910588725
MEGAHIT-MetaBAT2Refined-group-IF.23.fa	IF	MetaBAT2	MEGAHIT-MetaBAT2-group-IF.23.fa	86.27	0.0	Medium	2261184	22902	41.26	189	d__Bacteria;p__Bacillota;c__Clostridia;o__Lachnospirales;f__Lachnospiraceae;g__An181;s__An181 sp910585545
MEGAHIT-MetaBAT2Refined-group-IF.44_sub.fa	IF	MetaBAT2	MEGAHIT-MetaBAT2-group-IF.44.fa	92.17	3.55	High	2861108	9518	62.57	399	d__Bacteria;p__Bacillota;c__Clostridia;o__Oscillospirales;f__Ruminococcaceae;g__Angelakisella;s__Angelakisella sp022795575
MEGAHIT-MetaBAT2Refined-group-IF.54.fa	IF	MetaBAT2	MEGAHIT-MetaBAT2-group-IF.54.fa	94.99	0.85	High	3305436	36813	53.6	155	d__Bacteria;p__Bacillota;c__Clostridia;o__Lachnospirales;f__Lachnospiraceae;g__Otoolea;s__Otoolea sp009911305
MEGAHIT-MetaBAT2Refined-group-IF.81_sub.fa	IF	MetaBAT2	MEGAHIT-MetaBAT2-group-IF.81.fa	93.14	34.19	Low	4382126	21269	59.72	328	
MEGAHIT-MetaBAT2Refined-group-IF.87.fa	IF	MetaBAT2	MEGAHIT-MetaBAT2-group-IF.87.fa	99.97	0.41	High	2007688	46994	63.71	71	d__Bacteria;p__Actinomycetota;c__Actinomycetes;o__Actinomycetales;f__Bifidobacteriaceae;g__Bifidobacterium;s__Bifidobacterium globosum
MEGAHIT-MetaBAT2Refined-group-IF.88.fa	IF	MetaBAT2	MEGAHIT-MetaBAT2-group-IF.88.fa	84.82	0.01	Medium	2167777	56860	52.68	55	d__Bacteria;p__Bacteroidota;c__Bacteroidia;o__Bacteroidales;f__Muribaculaceae;g__Paramuribaculum;s__Paramuribaculum sp910588065
MEGAHIT-MetaBAT2Refined-group-IF.99_sub.fa	IF	MetaBAT2	MEGAHIT-MetaBAT2-group-IF.99.fa	79.51	1.2	Medium	1595349	6775	48.06	327	d__Bacteria;p__Bacillota;c__Clostridia;o__Oscillospirales;f__CAG-272;g__Avispirillum;s__Avispirillum sp011957885
MEGAHIT-SemiBin2Refined-group-AL.118.fa	AL	SemiBin2	MEGAHIT-SemiBin2-group-AL_118.fa	94.39	3.18	High	3676318	55454	52.35	90	d__Bacteria;p__Bacillota;c__Clostridia;o__Lachnospirales;f__Lachnospiraceae;g__Acetatifactor;s__Acetatifactor sp011959105
MEGAHIT-SemiBin2Refined-group-AL.124.fa	AL	SemiBin2	MEGAHIT-SemiBin2-group-AL_124.fa	98.02	0.06	High	2653970	14782	60.05	268	d__Bacteria;p__Bacillota;c__Clostridia;o__Oscillospirales;f__Ruminococcaceae;g__Angelakisella;s__Angelakisella sp022794295
MEGAHIT-SemiBin2Refined-group-AL.131.fa	AL	SemiBin2	MEGAHIT-SemiBin2-group-AL_131.fa	98.8	0.54	High	2852250	69085	53.68	101	d__Bacteria;p__Bacteroidota;c__Bacteroidia;o__Bacteroidales;f__Muribaculaceae;g__CAG-873;s__CAG-873 sp009775265
MEGAHIT-SemiBin2Refined-group-AL.147.fa	AL	SemiBin2	MEGAHIT-SemiBin2-group-AL_147.fa	81.77	0.34	Medium	3072546	10860	47.23	405	d__Bacteria;p__Bacillota;c__Clostridia;o__Lachnospirales;f__Lachnospiraceae;g__UMGS1370;s__UMGS1370 sp910577645
MEGAHIT-SemiBin2Refined-group-AL.152_sub.fa	AL	SemiBin2	MEGAHIT-SemiBin2-group-AL_152.fa	87.52	2.72	Medium	2794281	26224	50.2	220	d__Bacteria;p__Bacillota;c__Clostridia;o__Lachnospirales;f__Lachnospiraceae;g__QZDW01;s__QZDW01 sp009917545
MEGAHIT-SemiBin2Refined-group-AL.154_sub.fa	AL	SemiBin2	MEGAHIT-SemiBin2-group-AL_154.fa	84.39	3.5	Medium	2947240	12108	60.21	381	d__Bacteria;p__Bacillota;c__Clostridia;o__Oscillospirales;f__Oscillospiraceae;g__Oscillibacter;s__Oscillibacter sp022797935
MEGAHIT-SemiBin2Refined-group-AL.15_sub.fa	AL	SemiBin2	MEGAHIT-SemiBin2-group-AL_15.fa	93.8	6.48	Medium	4779876	46290	50.75	238	d__Bacteria;p__Bacillota;c__Clostridia;o__Lachnospirales;f__Lachnospiraceae;g__Acetatifactor;s__Acetatifactor sp910587555
MEGAHIT-SemiBin2Refined-group-AL.16.fa	AL	SemiBin2	MEGAHIT-SemiBin2-group-AL_16.fa	86.72	3.9	Medium	2650585	16336	64.19	284	d__Bacteria;p__Actinomycetota;c__Coriobacteriia;o__Coriobacteriales;f__Eggerthellaceae;g__Adlercreutzia;s__Adlercreutzia caecimuris
MEGAHIT-SemiBin2Refined-group-AL.165.fa	AL	SemiBin2	MEGAHIT-SemiBin2-group-AL_165.fa	95.08	0.46	High	1651844	53219	55.24	51	d__Bacteria;p__Bacillota;c__Clostridia;o__Christensenellales;f__Christensenellaceae;g__QANA01;s__QANA01 sp910588425
MEGAHIT-SemiBin2Refined-group-AL.17.fa	AL	SemiBin2	MEGAHIT-SemiBin2-group-AL_17.fa	87.12	1.44	Medium	2642930	24216	44.52	180	d__Bacteria;p__Bacillota;c__Clostridia;o__Peptostreptococcales;f__Anaerovoracaceae;g__Emergencia;s__Emergencia intestinalis
MEGAHIT-SemiBin2Refined-group-AL.180.fa	AL	SemiBin2	MEGAHIT-SemiBin2-group-AL_180.fa	94.09	3.21	High	2559025	14814	55.27	272	d__Bacteria;p__Bacillota;c__Clostridia;o__Oscillospirales;f__Ruminococcaceae;g__Anaerotruncus;s__Anaerotruncus colihominis_A
MEGAHIT-SemiBin2Refined-group-AL.182.fa	AL	SemiBin2	MEGAHIT-SemiBin2-group-AL_182.fa	90.4	2.64	High	2420590	44011	58.64	112	d__Bacteria;p__Bacillota;c__Clostridia;o__Oscillospirales;f__Oscillospiraceae;g__Vermiculatibacterium;s__Vermiculatibacterium sp022799035
MEGAHIT-SemiBin2Refined-group-AL.192.fa	AL	SemiBin2	MEGAHIT-SemiBin2-group-AL_192.fa	99.4	0.03	High	3032771	28174	58.13	226	d__Bacteria;p__Bacillota;c__Clostridia;o__Oscillospirales;f__Ruminococcaceae;g__Paludihabitans;s__Paludihabitans sp022791945
MEGAHIT-SemiBin2Refined-group-AL.194.fa	AL	SemiBin2	MEGAHIT-SemiBin2-group-AL_194.fa	99.44	1.84	High	3238703	71170	44.05	110	d__Bacteria;p__Bacillota;c__Peptococcia;o__Peptococcales;f__Peptococcaceae;g__UBA7185;s__UBA7185 sp910585405
MEGAHIT-SemiBin2Refined-group-AL.195.fa	AL	SemiBin2	MEGAHIT-SemiBin2-group-AL_195.fa	95.23	4.48	High	2492692	76741	58.6	86	d__Bacteria;p__Bacillota;c__Clostridia;o__Oscillospirales;f__Oscillospiraceae;g__Evtepia;s__Evtepia sp910584805
MEGAHIT-SemiBin2Refined-group-AL.2.fa	AL	SemiBin2	MEGAHIT-SemiBin2-group-AL_2.fa	80.0	3.34	Medium	2410609	6362	55.52	491	d__Bacteria;p__Bacillota;c__Clostridia;o__Lachnospirales;f__Lachnospiraceae;g__Lientehia;s__Lientehia sp949740745
MEGAHIT-SemiBin2Refined-group-AL.202.fa	AL	SemiBin2	MEGAHIT-SemiBin2-group-AL_202.fa	81.73	0.3	Medium	2763191	59415	49.65	138	d__Bacteria;p__Bacillota;c__Clostridia;o__Lachnospirales;f__Anaerotignaceae;g__Anaerotignum_A;s__Anaerotignum_A sp910576545
MEGAHIT-SemiBin2Refined-group-AL.209_sub.fa	AL	SemiBin2	MEGAHIT-SemiBin2-group-AL_209.fa	95.67	13.24	Low	3814509	47435	57.07	205	d__Bacteria;p__Bacillota;c__Clostridia;o__Oscillospirales;f__Oscillospiraceae;g__Pelethomonas;s__Pelethomonas sp910587645
MEGAHIT-SemiBin2Refined-group-AL.22.fa	AL	SemiBin2	MEGAHIT-SemiBin2-group-AL_22.fa	94.2	0.41	High	2980925	29153	47.06	176	d__Bacteria;p__Bacteroidota;c__Bacteroidia;o__Bacteroidales;f__Muribaculaceae;g__Lepagella;s__Lepagella muris_A
MEGAHIT-SemiBin2Refined-group-AL.225.fa	AL	SemiBin2	MEGAHIT-SemiBin2-group-AL_225.fa	91.44	0.22	High	2780511	20383	58.62	225	d__Bacteria;p__Bacillota;c__Clostridia;o__Oscillospirales;f__Oscillospiraceae;g__Pelethomonas;s__Pelethomonas sp022800665
MEGAHIT-SemiBin2Refined-group-AL.229.fa	AL	SemiBin2	MEGAHIT-SemiBin2-group-AL_229.fa	89.35	2.77	Medium	2676225	79899	62.34	57	d__Bacteria;p__Actinomycetota;c__Coriobacteriia;o__Coriobacteriales;f__Eggerthellaceae;g__Adlercreutzia;s__Adlercreutzia sp910585575
MEGAHIT-SemiBin2Refined-group-AL.256.fa	AL	SemiBin2	MEGAHIT-SemiBin2-group-AL_256.fa	95.33	0.65	High	3341322	48732	53.33	112	d__Bacteria;p__Bacillota;c__Clostridia;o__Lachnospirales;f__Lachnospiraceae;g__Otoolea;s__Otoolea sp009911305
MEGAHIT-SemiBin2Refined-group-AL.270.fa	AL	SemiBin2	MEGAHIT-SemiBin2-group-AL_270.fa	93.67	0.02	High	2737425	44137	46.1	109	d__Bacteria;p__Bacillota;c__Clostridia;o__Lachnospirales;f__Lachnospiraceae;g__Roseburia_B;s__Roseburia_B sp011959925
MEGAHIT-SemiBin2Refined-group-AL.299.fa	AL	SemiBin2	MEGAHIT-SemiBin2-group-AL_299.fa	96.98	0.55	High	1932790	28727	50.25	157	d__Bacteria;p__Bacillota;c__Dehalobacteriia;o__UBA4068;f__UBA4997;g__Avidehalobacter;s__Avidehalobacter sp022797295
MEGAHIT-SemiBin2Refined-group-AL.30.fa	AL	SemiBin2	MEGAHIT-SemiBin2-group-AL_30.fa	96.58	3.9	High	2431863	28383	35.76	176	d__Bacteria;p__Bacillota;c__Bacilli;o__Lactobacillales;f__Streptococcaceae;g__Lactococcus;s__Lactococcus cremoris
MEGAHIT-SemiBin2Refined-group-AL.314_sub.fa	AL	SemiBin2	MEGAHIT-SemiBin2-group-AL_314.fa	80.09	8.27	Medium	2319336	120319	57.99	66	d__Bacteria;p__Bacillota;c__Clostridia;o__Oscillospirales;f__Oscillospiraceae;g__Vermiculatibacterium;s__Vermiculatibacterium sp910587345
MEGAHIT-SemiBin2Refined-group-AL.319.fa	AL	SemiBin2	MEGAHIT-SemiBin2-group-AL_319.fa	96.94	0.14	High	1971483	370047	59.41	13	d__Bacteria;p__Bacteroidota;c__Bacteroidia;o__Bacteroidales;f__Rikenellaceae;g__Alistipes;s__Alistipes muris
MEGAHIT-SemiBin2Refined-group-AL.37.fa	AL	SemiBin2	MEGAHIT-SemiBin2-group-AL_37.fa	79.58	0.65	Medium	1346554	5572	50.0	321	d__Bacteria;p__Bacillota;c__Clostridia;o__Oscillospirales;f__Acutalibacteraceae;g__UMGS1071;s__UMGS1071 sp022801595
MEGAHIT-SemiBin2Refined-group-AL.38.fa	AL	SemiBin2	MEGAHIT-SemiBin2-group-AL_38.fa	86.83	1.07	Medium	1990176	5148	59.5	485	d__Bacteria;p__Bacillota;c__Clostridia;o__Oscillospirales;f__Acutalibacteraceae;g__Avimonas_A;s__Avimonas_A sp022800315
MEGAHIT-SemiBin2Refined-group-AL.39_sub.fa	AL	SemiBin2	MEGAHIT-SemiBin2-group-AL_39.fa	90.62	3.08	High	3107742	39067	47.54	131	d__Bacteria;p__Bacillota;c__Clostridia;o__Lachnospirales;f__Lachnospiraceae;g__Sporofaciens;s__Sporofaciens sp910574885
MEGAHIT-SemiBin2Refined-group-AL.3_sub.fa	AL	SemiBin2	MEGAHIT-SemiBin2-group-AL_3.fa	79.09	1.43	Medium	3490024	11240	53.47	446	d__Bacteria;p__Bacillota;c__Clostridia;o__Lachnospirales;f__Lachnospiraceae;g__Acetatifactor;s__Acetatifactor sp910584235
MEGAHIT-SemiBin2Refined-group-AL.40.fa	AL	SemiBin2	MEGAHIT-SemiBin2-group-AL_40.fa	99.66	2.34	High	2163625	35128	42.64	101	d__Bacteria;p__Bacillota;c__Bacilli;o__Erysipelotrichales;f__Erysipelotrichaceae;g__Dubosiella;s__Dubosiella newyorkensis
MEGAHIT-SemiBin2Refined-group-AL.45.fa	AL	SemiBin2	MEGAHIT-SemiBin2-group-AL_45.fa	84.87	0.55	Medium	2168107	9676	51.42	331	d__Bacteria;p__Bacillota;c__Clostridia;o__Oscillospirales;f__Acutalibacteraceae;g__CAJFUH01;s__CAJFUH01 sp022799115
MEGAHIT-SemiBin2Refined-group-AL.47_sub.fa	AL	SemiBin2	MEGAHIT-SemiBin2-group-AL_47.fa	88.57	13.74	Low	3672693	46400	60.42	185	
MEGAHIT-SemiBin2Refined-group-AL.48_sub.fa	AL	SemiBin2	MEGAHIT-SemiBin2-group-AL_48.fa	61.5	0.35	Medium	2092404	4758	45.08	537	d__Bacteria;p__Bacillota;c__Clostridia;o__Lachnospirales;f__Lachnospiraceae;g__Kineothrix;s__Kineothrix sp910588855
MEGAHIT-SemiBin2Refined-group-AL.51.fa	AL	SemiBin2	MEGAHIT-SemiBin2-group-AL_51.fa	78.39	0.95	Medium	2427983	7768	49.7	428	d__Bacteria;p__Bacillota;c__Clostridia;o__Lachnospirales;f__Lachnospiraceae;g__MD308;s__MD308 sp910578455
MEGAHIT-SemiBin2Refined-group-AL.54_sub.fa	AL	SemiBin2	MEGAHIT-SemiBin2-group-AL_54.fa	88.0	3.54	Medium	2877052	39362	40.74	204	
MEGAHIT-SemiBin2Refined-group-AL.58_sub.fa	AL	SemiBin2	MEGAHIT-SemiBin2-group-AL_58.fa	91.62	3.63	High	3530259	12029	50.92	468	d__Bacteria;p__Bacillota;c__Clostridia;o__Lachnospirales;f__Lachnospiraceae;g__UBA3282;s__UBA3282 sp009774655
MEGAHIT-SemiBin2Refined-group-AL.59_sub.fa	AL	SemiBin2	MEGAHIT-SemiBin2-group-AL_59.fa	89.17	5.0	Medium	3803413	42535	48.84	157	d__Bacteria;p__Bacillota;c__Clostridia;o__Lachnospirales;f__Lachnospiraceae;g__Laedolimicola;s__Laedolimicola sp011959465
MEGAHIT-SemiBin2Refined-group-AL.69.fa	AL	SemiBin2	MEGAHIT-SemiBin2-group-AL_69.fa	76.59	0.58	Medium	2524017	16027	61.02	244	d__Bacteria;p__Bacillota;c__Clostridia;o__Oscillospirales;f__Oscillospiraceae;g__CANAAV01;s__CANAAV01 sp910585415
MEGAHIT-SemiBin2Refined-group-AL.7.fa	AL	SemiBin2	MEGAHIT-SemiBin2-group-AL_7.fa	95.02	2.86	High	3339669	35007	45.83	168	d__Bacteria;p__Bacillota;c__Clostridia;o__Lachnospirales;f__Lachnospiraceae;g__Kineothrix;s__Kineothrix sp000403275
MEGAHIT-SemiBin2Refined-group-AL.72_sub.fa	AL	SemiBin2	MEGAHIT-SemiBin2-group-AL_72.fa	70.78	6.54	Medium	2517778	24644	61.55	170	d__Bacteria;p__Bacillota;c__Clostridia;o__Oscillospirales;f__Oscillospiraceae;g__Lawsonibacter;s__Lawsonibacter sp022798855
MEGAHIT-SemiBin2Refined-group-AL.73.fa	AL	SemiBin2	MEGAHIT-SemiBin2-group-AL_73.fa	85.73	1.23	Medium	3432007	9877	45.84	518	d__Bacteria;p__Bacillota;c__Clostridia;o__Lachnospirales;f__Lachnospiraceae;g__Kineothrix;s__Kineothrix sp011958945
MEGAHIT-SemiBin2Refined-group-AL.75.fa	AL	SemiBin2	MEGAHIT-SemiBin2-group-AL_75.fa	96.19	2.59	High	3609666	33199	48.31	179	d__Bacteria;p__Bacillota;c__Clostridia;o__Lachnospirales;f__Lachnospiraceae;g__1XD8-76;s__1XD8-76 sp022799355
MEGAHIT-SemiBin2Refined-group-AL.79.fa	AL	SemiBin2	MEGAHIT-SemiBin2-group-AL_79.fa	92.38	1.54	High	2700841	27800	57.61	176	d__Bacteria;p__Bacillota;c__Clostridia;o__Oscillospirales;f__Oscillospiraceae;g__Oscillibacter;s__Oscillibacter sp910589315
MEGAHIT-SemiBin2Refined-group-AL.81.fa	AL	SemiBin2	MEGAHIT-SemiBin2-group-AL_81.fa	93.03	1.66	High	2694910	11015	62.69	322	d__Bacteria;p__Bacillota;c__Clostridia;o__Oscillospirales;f__Ruminococcaceae;g__Angelakisella;s__Angelakisella sp022795575
MEGAHIT-SemiBin2Refined-group-AL.84_sub.fa	AL	SemiBin2	MEGAHIT-SemiBin2-group-AL_84.fa	83.09	1.25	Medium	1823524	6080	63.77	380	d__Bacteria;p__Actinomycetota;c__Actinomycetes;o__Actinomycetales;f__Bifidobacteriaceae;g__Bifidobacterium;s__Bifidobacterium globosum
MEGAHIT-SemiBin2Refined-group-AL.93_sub.fa	AL	SemiBin2	MEGAHIT-SemiBin2-group-AL_93.fa	88.82	1.44	Medium	3280255	37883	57.46	242	d__Bacteria;p__Bacillota;c__Clostridia;o__Oscillospirales;f__Oscillospiraceae;g__Lawsonibacter;s__Lawsonibacter sp910577805
MEGAHIT-SemiBin2Refined-group-AL.97.fa	AL	SemiBin2	MEGAHIT-SemiBin2-group-AL_97.fa	81.54	5.61	Medium	2079035	7134	62.88	392	d__Bacteria;p__Bacillota;c__Clostridia;o__Oscillospirales;f__Oscillospiraceae;g__Pelethomonas;s__Pelethomonas sp022804995
MEGAHIT-SemiBin2Refined-group-IF.100.fa	IF	SemiBin2	MEGAHIT-SemiBin2-group-IF_100.fa	95.91	3.48	High	2403445	40333	59.37	98	d__Bacteria;p__Bacillota;c__Clostridia;o__Oscillospirales;f__Oscillospiraceae;g__Vermiculatibacterium;s__Vermiculatibacterium sp022799035
MEGAHIT-SemiBin2Refined-group-IF.101.fa	IF	SemiBin2	MEGAHIT-SemiBin2-group-IF_101.fa	71.03	0.67	Medium	2320294	5850	62.98	501	d__Bacteria;p__Bacillota;c__Clostridia;o__Oscillospirales;f__Oscillospiraceae;g__Pelethomonas;s__Pelethomonas sp910588365
MEGAHIT-SemiBin2Refined-group-IF.106.fa	IF	SemiBin2	MEGAHIT-SemiBin2-group-IF_106.fa	79.62	1.54	Medium	2221498	5051	58.2	511	d__Bacteria;p__Bacillota;c__Clostridia;o__Oscillospirales;f__Oscillospiraceae;g__Oscillibacter;s__Oscillibacter sp910589315
MEGAHIT-SemiBin2Refined-group-IF.109_sub.fa	IF	SemiBin2	MEGAHIT-SemiBin2-group-IF_109.fa	87.6	2.6	Medium	3408520	10672	48.46	471	d__Bacteria;p__Bacillota;c__Clostridia;o__Lachnospirales;f__Lachnospiraceae;g__Suilimivivens;s__Suilimivivens sp009917455
MEGAHIT-SemiBin2Refined-group-IF.113.fa	IF	SemiBin2	MEGAHIT-SemiBin2-group-IF_113.fa	89.03	2.73	Medium	2051960	6256	59.72	411	d__Bacteria;p__Bacillota;c__Clostridia;o__Oscillospirales;f__Acutalibacteraceae;g__Avimonas_A;s__Avimonas_A sp022800315
MEGAHIT-SemiBin2Refined-group-IF.117.fa	IF	SemiBin2	MEGAHIT-SemiBin2-group-IF_117.fa	95.77	3.89	High	2377225	76353	59.19	60	d__Bacteria;p__Bacillota;c__Clostridia;o__Oscillospirales;f__Oscillospiraceae;g__Evtepia;s__Evtepia sp910584805
MEGAHIT-SemiBin2Refined-group-IF.119.fa	IF	SemiBin2	MEGAHIT-SemiBin2-group-IF_119.fa	99.81	0.35	High	3063354	31157	46.9	177	d__Bacteria;p__Bacteroidota;c__Bacteroidia;o__Bacteroidales;f__Muribaculaceae;g__Lepagella;s__Lepagella muris_A
MEGAHIT-SemiBin2Refined-group-IF.124.fa	IF	SemiBin2	MEGAHIT-SemiBin2-group-IF_124.fa	98.66	1.08	High	2444775	18075	56.47	205	d__Bacteria;p__Bacteroidota;c__Bacteroidia;o__Bacteroidales;f__Muribaculaceae;g__CAG-873;s__CAG-873 sp910577315
MEGAHIT-SemiBin2Refined-group-IF.127.fa	IF	SemiBin2	MEGAHIT-SemiBin2-group-IF_127.fa	83.39	1.04	Medium	2673741	57913	43.36	89	d__Bacteria;p__Bacillota;c__Clostridia;o__Lachnospirales;f__Lachnospiraceae;g__Roseburia_B;s__Roseburia_B sp910589105
MEGAHIT-SemiBin2Refined-group-IF.135.fa	IF	SemiBin2	MEGAHIT-SemiBin2-group-IF_135.fa	77.62	0.86	Medium	2444830	16108	61.13	224	d__Bacteria;p__Bacillota;c__Clostridia;o__Oscillospirales;f__Oscillospiraceae;g__CANAAV01;s__CANAAV01 sp910585415
MEGAHIT-SemiBin2Refined-group-IF.140_sub.fa	IF	SemiBin2	MEGAHIT-SemiBin2-group-IF_140.fa	100.0	26.65	Low	4178776	109773	54.04	124	
MEGAHIT-SemiBin2Refined-group-IF.149.fa	IF	SemiBin2	MEGAHIT-SemiBin2-group-IF_149.fa	94.63	2.21	High	4530215	63408	51.17	156	d__Bacteria;p__Bacillota;c__Clostridia;o__Lachnospirales;f__Lachnospiraceae;g__Acetatifactor;s__Acetatifactor sp910587555
MEGAHIT-SemiBin2Refined-group-IF.150.fa	IF	SemiBin2	MEGAHIT-SemiBin2-group-IF_150.fa	97.52	0.12	High	1990468	468813	59.26	13	d__Bacteria;p__Bacteroidota;c__Bacteroidia;o__Bacteroidales;f__Rikenellaceae;g__Alistipes;s__Alistipes muris
MEGAHIT-SemiBin2Refined-group-IF.151.fa	IF	SemiBin2	MEGAHIT-SemiBin2-group-IF_151.fa	99.85	0.54	High	2856310	62044	53.64	92	d__Bacteria;p__Bacteroidota;c__Bacteroidia;o__Bacteroidales;f__Muribaculaceae;g__CAG-873;s__CAG-873 sp009775265
MEGAHIT-SemiBin2Refined-group-IF.152.fa	IF	SemiBin2	MEGAHIT-SemiBin2-group-IF_152.fa	89.09	2.56	Medium	2576390	10115	44.8	349	d__Bacteria;p__Bacillota;c__Clostridia;o__Peptostreptococcales;f__Anaerovoracaceae;g__Emergencia;s__Emergencia intestinalis
MEGAHIT-SemiBin2Refined-group-IF.153_sub.fa	IF	SemiBin2	MEGAHIT-SemiBin2-group-IF_153.fa	99.96	0.01	High	2931307	56847	57.34	197	d__Bacteria;p__Bacillota;c__Clostridia;o__Oscillospirales;f__Acutalibacteraceae;g__Acutalibacter;s__Acutalibacter sp910587995
MEGAHIT-SemiBin2Refined-group-IF.154.fa	IF	SemiBin2	MEGAHIT-SemiBin2-group-IF_154.fa	86.29	2.51	Medium	2649007	42162	59.13	156	d__Bacteria;p__Bacillota;c__Clostridia;o__Oscillospirales;f__Oscillospiraceae;g__Lawsonibacter;s__Lawsonibacter sp910577805
MEGAHIT-SemiBin2Refined-group-IF.158.fa	IF	SemiBin2	MEGAHIT-SemiBin2-group-IF_158.fa	81.66	4.62	Medium	2482169	15045	60.78	261	d__Bacteria;p__Bacillota;c__Clostridia;o__Oscillospirales;f__Oscillospiraceae;g__Oscillibacter;s__Oscillibacter sp910587705
MEGAHIT-SemiBin2Refined-group-IF.159.fa	IF	SemiBin2	MEGAHIT-SemiBin2-group-IF_159.fa	93.91	3.45	High	2747812	25192	55.84	213	d__Bacteria;p__Bacillota;c__Clostridia;o__Oscillospirales;f__Ruminococcaceae;g__Anaerotruncus;s__Anaerotruncus sp000403395
MEGAHIT-SemiBin2Refined-group-IF.16.fa	IF	SemiBin2	MEGAHIT-SemiBin2-group-IF_16.fa	81.2	9.22	Medium	2817290	9742	68.17	428	d__Bacteria;p__Actinomycetota;c__Coriobacteriia;o__Coriobacteriales;f__Eggerthellaceae;g__Enterorhabdus;s__Enterorhabdus sp009911695
MEGAHIT-SemiBin2Refined-group-IF.163_sub.fa	IF	SemiBin2	MEGAHIT-SemiBin2-group-IF_163.fa	93.44	1.75	High	2682030	129085	62.26	35	d__Bacteria;p__Actinomycetota;c__Coriobacteriia;o__Coriobacteriales;f__Eggerthellaceae;g__Adlercreutzia;s__Adlercreutzia sp910585575
MEGAHIT-SemiBin2Refined-group-IF.171.fa	IF	SemiBin2	MEGAHIT-SemiBin2-group-IF_171.fa	96.79	0.26	High	2849599	12695	59.8	322	d__Bacteria;p__Bacillota;c__Clostridia;o__Oscillospirales;f__Ruminococcaceae;g__Angelakisella;s__Angelakisella sp022794295
MEGAHIT-SemiBin2Refined-group-IF.180_sub.fa	IF	SemiBin2	MEGAHIT-SemiBin2-group-IF_180.fa	94.2	5.85	Medium	2757655	20259	64.39	222	d__Bacteria;p__Actinomycetota;c__Coriobacteriia;o__Coriobacteriales;f__Eggerthellaceae;g__Adlercreutzia;s__Adlercreutzia caecimuris
MEGAHIT-SemiBin2Refined-group-IF.184_sub.fa	IF	SemiBin2	MEGAHIT-SemiBin2-group-IF_184.fa	99.99	5.62	Medium	3206571	123888	53.2	58	d__Bacteria;p__Bacteroidota;c__Bacteroidia;o__Bacteroidales;f__Muribaculaceae;g__Duncaniella;s__Duncaniella sp910589485
MEGAHIT-SemiBin2Refined-group-IF.188.fa	IF	SemiBin2	MEGAHIT-SemiBin2-group-IF_188.fa	95.02	5.32	Medium	3342208	24341	47.57	226	d__Bacteria;p__Bacillota;c__Clostridia;o__Lachnospirales;f__Lachnospiraceae;g__Sporofaciens;s__Sporofaciens sp910574885
MEGAHIT-SemiBin2Refined-group-IF.189.fa	IF	SemiBin2	MEGAHIT-SemiBin2-group-IF_189.fa	96.04	0.32	High	1850354	15163	50.85	208	d__Bacteria;p__Bacillota;c__Dehalobacteriia;o__UBA4068;f__UBA4997;g__Avidehalobacter;s__Avidehalobacter sp022797295
MEGAHIT-SemiBin2Refined-group-IF.191.fa	IF	SemiBin2	MEGAHIT-SemiBin2-group-IF_191.fa	92.48	0.25	High	3224104	16837	48.6	309	d__Bacteria;p__Bacillota;c__Clostridia;o__Lachnospirales;f__Lachnospiraceae;g__Sporofaciens;s__Sporofaciens sp000403455
MEGAHIT-SemiBin2Refined-group-IF.194.fa	IF	SemiBin2	MEGAHIT-SemiBin2-group-IF_194.fa	99.94	4.85	High	2574873	23415	35.49	199	d__Bacteria;p__Bacillota;c__Bacilli;o__Lactobacillales;f__Streptococcaceae;g__Lactococcus;s__Lactococcus cremoris
MEGAHIT-SemiBin2Refined-group-IF.199.fa	IF	SemiBin2	MEGAHIT-SemiBin2-group-IF_199.fa	94.79	2.58	High	3439269	28869	45.53	211	d__Bacteria;p__Bacillota;c__Clostridia;o__Lachnospirales;f__Lachnospiraceae;g__Kineothrix;s__Kineothrix sp000403275
MEGAHIT-SemiBin2Refined-group-IF.209.fa	IF	SemiBin2	MEGAHIT-SemiBin2-group-IF_209.fa	99.69	0.52	High	3166477	44124	51.52	134	d__Bacteria;p__Bacteroidota;c__Bacteroidia;o__Bacteroidales;f__Muribaculaceae;g__Paramuribaculum;s__Paramuribaculum sp001689535
MEGAHIT-SemiBin2Refined-group-IF.215.fa	IF	SemiBin2	MEGAHIT-SemiBin2-group-IF_215.fa	93.0	0.0	High	2660453	38946	46.12	109	d__Bacteria;p__Bacillota;c__Clostridia;o__Lachnospirales;f__Lachnospiraceae;g__Roseburia_B;s__Roseburia_B sp011959925
MEGAHIT-SemiBin2Refined-group-IF.22_sub.fa	IF	SemiBin2	MEGAHIT-SemiBin2-group-IF_22.fa	82.59	2.52	Medium	3704624	7485	55.48	678	d__Bacteria;p__Bacillota;c__Clostridia;o__Lachnospirales;f__Lachnospiraceae;g__Acetatifactor;s__Acetatifactor sp910585665
MEGAHIT-SemiBin2Refined-group-IF.240.fa	IF	SemiBin2	MEGAHIT-SemiBin2-group-IF_240.fa	94.67	0.76	High	1861029	34268	57.0	103	d__Bacteria;p__Bacillota;c__Clostridia;o__Oscillospirales;f__Oscillospiraceae;g__HGM13010;s__HGM13010 sp022800755
MEGAHIT-SemiBin2Refined-group-IF.258.fa	IF	SemiBin2	MEGAHIT-SemiBin2-group-IF_258.fa	85.61	0.0	Medium	3189491	53616	52.79	104	d__Bacteria;p__Bacillota;c__Clostridia;o__Lachnospirales;f__Lachnospiraceae;g__Acetatifactor;s__Acetatifactor sp910587755
MEGAHIT-SemiBin2Refined-group-IF.26_sub.fa	IF	SemiBin2	MEGAHIT-SemiBin2-group-IF_26.fa	57.48	2.24	Medium	1755824	3547	63.87	533	
MEGAHIT-SemiBin2Refined-group-IF.282.fa	IF	SemiBin2	MEGAHIT-SemiBin2-group-IF_282.fa	82.07	0.2	Medium	2584479	83178	49.83	93	d__Bacteria;p__Bacillota;c__Clostridia;o__Lachnospirales;f__Anaerotignaceae;g__Anaerotignum_A;s__Anaerotignum_A sp910576545
MEGAHIT-SemiBin2Refined-group-IF.298.fa	IF	SemiBin2	MEGAHIT-SemiBin2-group-IF_298.fa	76.17	1.8	Medium	2330047	33461	58.68	126	d__Bacteria;p__Bacillota;c__Clostridia;o__Oscillospirales;f__Acutalibacteraceae;g__Acutalibacter;s__Acutalibacter sp910580045
MEGAHIT-SemiBin2Refined-group-IF.302.fa	IF	SemiBin2	MEGAHIT-SemiBin2-group-IF_302.fa	94.57	0.43	High	2680164	30876	52.55	142	d__Bacteria;p__Bacillota;c__Clostridia;o__Lachnospirales;f__Lachnospiraceae;g__RGIG7193;s__RGIG7193 sp910586125
MEGAHIT-SemiBin2Refined-group-IF.34.fa	IF	SemiBin2	MEGAHIT-SemiBin2-group-IF_34.fa	94.7	3.56	High	2326646	20877	60.53	177	d__Bacteria;p__Bacillota;c__Clostridia;o__Oscillospirales;f__Ruminococcaceae;g__Angelakisella;s__Angelakisella sp013316495
MEGAHIT-SemiBin2Refined-group-IF.347.fa	IF	SemiBin2	MEGAHIT-SemiBin2-group-IF_347.fa	87.36	0.77	Medium	2190114	34346	55.04	93	d__Bacteria;p__Bacillota;c__Bacilli;o__Erysipelotrichales;f__Erysipelotrichaceae;g__Faecalibaculum;s__Faecalibaculum rodentium
MEGAHIT-SemiBin2Refined-group-IF.35.fa	IF	SemiBin2	MEGAHIT-SemiBin2-group-IF_35.fa	79.27	2.27	Medium	2440424	9175	50.72	391	d__Bacteria;p__Bacillota;c__Clostridia;o__Lachnospirales;f__Lachnospiraceae;g__QZDW01;s__QZDW01 sp009917545
MEGAHIT-SemiBin2Refined-group-IF.351_sub.fa	IF	SemiBin2	MEGAHIT-SemiBin2-group-IF_351.fa	19.97	0.98	Low	553693	32118	60.97	38	
MEGAHIT-SemiBin2Refined-group-IF.37_sub.fa	IF	SemiBin2	MEGAHIT-SemiBin2-group-IF_37.fa	73.27	2.29	Medium	2789211	5222	46.23	659	d__Bacteria;p__Bacillota;c__Clostridia;o__Lachnospirales;f__Lachnospiraceae;g__Kineothrix;s__Kineothrix sp011958945
MEGAHIT-SemiBin2Refined-group-IF.48.fa	IF	SemiBin2	MEGAHIT-SemiBin2-group-IF_48.fa	25.41	0.51	Low	1292238	11144	48.99	185	
MEGAHIT-SemiBin2Refined-group-IF.49_sub.fa	IF	SemiBin2	MEGAHIT-SemiBin2-group-IF_49.fa	86.0	4.02	Medium	2719290	38164	61.43	127	
MEGAHIT-SemiBin2Refined-group-IF.50.fa	IF	SemiBin2	MEGAHIT-SemiBin2-group-IF_50.fa	90.83	10.38	Low	3735999	29376	61.32	231	
MEGAHIT-SemiBin2Refined-group-IF.57.fa	IF	SemiBin2	MEGAHIT-SemiBin2-group-IF_57.fa	77.96	2.26	Medium	2477656	9525	55.52	347	d__Bacteria;p__Bacillota;c__Clostridia;o__Lachnospirales;f__Lachnospiraceae;g__Lientehia;s__Lientehia sp949740745
MEGAHIT-SemiBin2Refined-group-IF.59.fa	IF	SemiBin2	MEGAHIT-SemiBin2-group-IF_59.fa	86.74	0.0	Medium	3151282	22301	46.45	227	d__Bacteria;p__Bacillota;c__Clostridia;o__Lachnospirales;f__Lachnospiraceae;g__Petralouisia;s__Petralouisia sp009774455
MEGAHIT-SemiBin2Refined-group-IF.60.fa	IF	SemiBin2	MEGAHIT-SemiBin2-group-IF_60.fa	94.31	6.52	Medium	3311787	48594	57.14	192	d__Bacteria;p__Bacillota;c__Clostridia;o__Oscillospirales;f__Oscillospiraceae;g__Pelethomonas;s__Pelethomonas sp910587645
MEGAHIT-SemiBin2Refined-group-IF.69.fa	IF	SemiBin2	MEGAHIT-SemiBin2-group-IF_69.fa	99.31	0.31	High	2061136	244758	58.74	25	d__Bacteria;p__Actinomycetota;c__Coriobacteriia;o__Coriobacteriales;f__Atopobiaceae;g__Leptogranulimonas;s__Leptogranulimonas caecicola
MEGAHIT-SemiBin2Refined-group-IF.70.fa	IF	SemiBin2	MEGAHIT-SemiBin2-group-IF_70.fa	99.98	0.11	High	2604119	53496	56.26	76	d__Bacteria;p__Bacteroidota;c__Bacteroidia;o__Bacteroidales;f__Muribaculaceae;g__CAG-873;s__
MEGAHIT-SemiBin2Refined-group-IF.71.fa	IF	SemiBin2	MEGAHIT-SemiBin2-group-IF_71.fa	93.99	0.0	High	2855730	26615	58.34	183	d__Bacteria;p__Bacillota;c__Clostridia;o__Oscillospirales;f__Ruminococcaceae;g__Paludihabitans;s__Paludihabitans sp022791945
MEGAHIT-SemiBin2Refined-group-IF.84_sub.fa	IF	SemiBin2	MEGAHIT-SemiBin2-group-IF_84.fa	84.98	1.54	Medium	1383675	7738	56.16	253	d__Bacteria;p__Bacillota;c__Clostridia;o__Christensenellales;f__Christensenellaceae;g__QANA01;s__QANA01 sp910588425
MEGAHIT-SemiBin2Refined-group-IF.8_sub.fa	IF	SemiBin2	MEGAHIT-SemiBin2-group-IF_8.fa	76.32	1.71	Medium	2512737	8252	59.27	429	d__Bacteria;p__Bacillota;c__Clostridia;o__Oscillospirales;f__Oscillospiraceae;g__Evtepia;s__Evtepia sp022792035
MEGAHIT-SemiBin2Refined-group-IF.92.fa	IF	SemiBin2	MEGAHIT-SemiBin2-group-IF_92.fa	83.89	0.87	Medium	2893676	9871	44.42	407	d__Bacteria;p__Bacillota;c__Clostridia;o__Lachnospirales;f__Lachnospiraceae;g__Kineothrix;s__Kineothrix sp910588855
MEGAHIT-SemiBin2Refined-group-IF.93_sub.fa	IF	SemiBin2	MEGAHIT-SemiBin2-group-IF_93.fa	91.08	0.44	High	3017660	8690	48.46	474	d__Bacteria;p__Bacillota;c__Clostridia;o__Lachnospirales;f__Lachnospiraceae;g__Sporofaciens;s__Sporofaciens sp910577685
MEGAHIT-SemiBin2Refined-group-IF.96.fa	IF	SemiBin2	MEGAHIT-SemiBin2-group-IF_96.fa	99.47	2.86	High	3275722	75190	44.12	126	d__Bacteria;p__Bacillota;c__Peptococcia;o__Peptococcales;f__Peptococcaceae;g__UBA7185;s__UBA7185 sp910585405
